"unique_id","CalDate","binomial","DailyCount","genus","year","month"
"00110R",2003-07-02,"Drepanosiphum platanoidis",3,"Drepanosiphum",2003,7
"00110R",2003-07-02,"Euceraphis punctipennis",15,"Euceraphis",2003,7
"00110R",2003-07-02,"Metopolophium dirhodum",2,"Metopolophium",2003,7
"00110R",2003-07-02,"Phyllaphis fagi",2,"Phyllaphis",2003,7
"00110R",2003-07-02,"Sitobion avenae",2,"Sitobion",2003,7
"00110R",2003-07-02,"Tuberculatus annulatus",1,"Tuberculatus",2003,7
"00110R",2003-07-02,"Utamphorophora humboldti",1,"Utamphorophora",2003,7
"00114R",2003-08-05,"Aphis spp",1,"Aphis",2003,8
"00114R",2003-08-05,"Drepanosiphum platanoidis",13,"Drepanosiphum",2003,8
"00114R",2003-08-05,"Hyadaphis foeniculi",1,"Hyadaphis",2003,8
"00114R",2003-08-05,"Hyalopterus pruni",1,"Hyalopterus",2003,8
"00114R",2003-08-05,"Pterocallis alni",1,"Pterocallis",2003,8
"00114R",2003-08-05,"Rhopalosiphum oxyacanthae",15,"Rhopalosiphum",2003,8
"00114R",2003-08-05,"Rhopalosiphum padi",3,"Rhopalosiphum",2003,8
"00114R",2003-08-05,"Sitobion avenae",1,"Sitobion",2003,8
"00116R",2003-08-16,"Anoecia corni",1,"Anoecia",2003,8
"00116R",2003-08-16,"Aphis fabae gp.",2,"Aphis",2003,8
"00116R",2003-08-16,"Drepanosiphum platanoidis",1,"Drepanosiphum",2003,8
"00116R",2003-08-16,"Hyalopterus pruni",1,"Hyalopterus",2003,8
"00116R",2003-08-16,"Myzus persicae",1,"Myzus",2003,8
"00116R",2003-08-16,"Pterocallis alni",4,"Pterocallis",2003,8
"00116R",2003-08-16,"Rhopalosiphum oxyacanthae",19,"Rhopalosiphum",2003,8
"00116R",2003-08-16,"Rhopalosiphum padi",9,"Rhopalosiphum",2003,8
"00116R",2003-08-16,"Sitobion avenae",2,"Sitobion",2003,8
"00116R",2003-08-16,"Utamphorophora humboldti",1,"Utamphorophora",2003,8
"00119R",2003-09-10,"Brachycaudus helichrysi",2,"Brachycaudus",2003,9
"00119R",2003-09-10,"Brevicoryne brassicae",1,"Brevicoryne",2003,9
"00119R",2003-09-10,"Drepanosiphum platanoidis",8,"Drepanosiphum",2003,9
"00119R",2003-09-10,"Eriosoma spp",1,"Eriosoma",2003,9
"00119R",2003-09-10,"Pemphigus spp",3,"Pemphigus",2003,9
"00119R",2003-09-10,"Rhopalosiphum oxyacanthae",24,"Rhopalosiphum",2003,9
"00119R",2003-09-10,"Rhopalosiphum padi",24,"Rhopalosiphum",2003,9
"00119R",2003-09-10,"Sitobion avenae",3,"Sitobion",2003,9
"00119R",2003-09-10,"Thecabius affinis",1,"Thecabius",2003,9
"0011R",2003-05-06,"Drepanosiphum platanoidis",10,"Drepanosiphum",2003,5
"0011R",2003-05-06,"Elatobium abietinum",1,"Elatobium",2003,5
"00121R",2003-09-24,"Drepanosiphum platanoidis",27,"Drepanosiphum",2003,9
"00121R",2003-09-24,"Rhopalosiphum oxyacanthae",18,"Rhopalosiphum",2003,9
"00121R",2003-09-24,"Rhopalosiphum padi",11,"Rhopalosiphum",2003,9
"00124R",2003-10-17,"Drepanosiphum platanoidis",36,"Drepanosiphum",2003,10
"00124R",2003-10-17,"Rhopalosiphum oxyacanthae",1,"Rhopalosiphum",2003,10
"00124R",2003-10-17,"Rhopalosiphum padi",3,"Rhopalosiphum",2003,10
"00125R",2003-10-26,"Drepanosiphum platanoidis",1,"Drepanosiphum",2003,10
"00125R",2003-10-26,"Pemphigus spp",1,"Pemphigus",2003,10
"00125R",2003-10-26,"Rhopalosiphum oxyacanthae",6,"Rhopalosiphum",2003,10
"00125R",2003-10-26,"Rhopalosiphum padi",7,"Rhopalosiphum",2003,10
"00125R",2003-10-26,"Sitobion fragariae",1,"Sitobion",2003,10
"0015R",2003-06-02,"Acyrthosiphon malvae",1,"Acyrthosiphon",2003,6
"0015R",2003-06-02,"Atheroides serrulatus",1,"Atheroides",2003,6
"0015R",2003-06-02,"Brachycaudus helichrysi",22,"Brachycaudus",2003,6
"0015R",2003-06-02,"Calaphis flava",1,"Calaphis",2003,6
"0015R",2003-06-02,"Capitophorus similis",1,"Capitophorus",2003,6
"0015R",2003-06-02,"Cavariella aegopodii",3,"Cavariella",2003,6
"0015R",2003-06-02,"Drepanosiphum platanoidis",8,"Drepanosiphum",2003,6
"0015R",2003-06-02,"Elatobium abietinum",9,"Elatobium",2003,6
"0015R",2003-06-02,"Eriosoma patchiae",1,"Eriosoma",2003,6
"0015R",2003-06-02,"Euceraphis punctipennis",2,"Euceraphis",2003,6
"0015R",2003-06-02,"Hyadaphis foeniculi",1,"Hyadaphis",2003,6
"0015R",2003-06-02,"Hyalopterus pruni",2,"Hyalopterus",2003,6
"0015R",2003-06-02,"Hyperomyzus lactucae",1,"Hyperomyzus",2003,6
"0015R",2003-06-02,"Myzus cerasi",1,"Myzus",2003,6
"0015R",2003-06-02,"Ovatomyzus chamaedrys",1,"Ovatomyzus",2003,6
"0015R",2003-06-02,"Thelaxes dryophila",1,"Thelaxes",2003,6
"0015R",2003-06-02,"Tuberculatus borealis",1,"Tuberculatus",2003,6
"0018R",2003-06-19,"Calaphis flava",1,"Calaphis",2003,6
"0018R",2003-06-19,"Cinara spp",2,"Cinara",2003,6
"0018R",2003-06-19,"Drepanosiphum platanoidis",1,"Drepanosiphum",2003,6
"0018R",2003-06-19,"Euceraphis punctipennis",4,"Euceraphis",2003,6
"0018R",2003-06-19,"Linosiphon galiophagum",1,"Linosiphon",2003,6
"0018R",2003-06-19,"Metopolophium dirhodum",1,"Metopolophium",2003,6
"0018R",2003-06-19,"Myzus persicae",1,"Myzus",2003,6
"0018R",2003-06-19,"Myzus cerasi",1,"Myzus",2003,6
"0018R",2003-06-19,"Phyllaphis fagi",1,"Phyllaphis",2003,6
"0018R",2003-06-19,"Rhopalosiphum oxyacanthae",1,"Rhopalosiphum",2003,6
"0018R",2003-06-19,"Sitobion avenae",1,"Sitobion",2003,6
"0018R",2003-06-19,"Thecabius affinis",2,"Thecabius",2003,6
"00211R",2004-07-17,"Acyrthosiphon pisum",1,"Acyrthosiphon",2004,7
"00211R",2004-07-17,"Brevicoryne brassicae",1,"Brevicoryne",2004,7
"00211R",2004-07-17,"Drepanosiphum platanoidis",1,"Drepanosiphum",2004,7
"00211R",2004-07-17,"Hayhurstia atriplicis",1,"Hayhurstia",2004,7
"00211R",2004-07-17,"Macrosiphum euphorbiae",1,"Macrosiphum",2004,7
"00211R",2004-07-17,"Metopolophium dirhodum",13,"Metopolophium",2004,7
"00211R",2004-07-17,"Myzus persicae",1,"Myzus",2004,7
"00211R",2004-07-17,"Rhopalosiphum padi",2,"Rhopalosiphum",2004,7
"00211R",2004-07-17,"Sitobion avenae",35,"Sitobion",2004,7
"00211R",2004-07-17,"Sitobion fragariae",1,"Sitobion",2004,7
"00211R",2004-07-17,"Utamphorophora humboldti",2,"Utamphorophora",2004,7
"00213R",2004-08-03,"Aphis fabae gp.",1,"Aphis",2004,8
"00213R",2004-08-03,"Metopolophium dirhodum",1,"Metopolophium",2004,8
"00213R",2004-08-03,"Rhopalosiphoninus staphyleae",1,"Rhopalosiphoninus",2004,8
"00213R",2004-08-03,"Rhopalosiphum oxyacanthae",6,"Rhopalosiphum",2004,8
"00213R",2004-08-03,"Rhopalosiphum padi",4,"Rhopalosiphum",2004,8
"00213R",2004-08-03,"Sitobion avenae",8,"Sitobion",2004,8
"00213R",2004-08-03,"Utamphorophora humboldti",1,"Utamphorophora",2004,8
"00214R",2004-08-10,"Drepanosiphum platanoidis",1,"Drepanosiphum",2004,8
"00214R",2004-08-10,"Hyalopterus pruni",1,"Hyalopterus",2004,8
"00214R",2004-08-10,"Muscaphis escherichi",1,"Muscaphis",2004,8
"00214R",2004-08-10,"Pemphigus spp",1,"Pemphigus",2004,8
"00214R",2004-08-10,"Phyllaphis fagi",4,"Phyllaphis",2004,8
"00214R",2004-08-10,"Rhopalosiphum oxyacanthae",7,"Rhopalosiphum",2004,8
"00214R",2004-08-10,"Rhopalosiphum padi",11,"Rhopalosiphum",2004,8
"00214R",2004-08-10,"Tubaphis ranunculina",1,"Tubaphis",2004,8
"00214R",2004-08-10,"Tuberculatus annulatus",1,"Tuberculatus",2004,8
"00214R",2004-08-10,"Utamphorophora humboldti",1,"Utamphorophora",2004,8
"00219R",2004-09-12,"Brachycaudus helichrysi",1,"Brachycaudus",2004,9
"00219R",2004-09-12,"Pemphigus spp",1,"Pemphigus",2004,9
"00219R",2004-09-12,"Rhopalosiphum padi",27,"Rhopalosiphum",2004,9
"00219R",2004-09-12,"Thecabius affinis",1,"Thecabius",2004,9
"0021R",2004-05-10,"Aulacorthum solani",1,"Aulacorthum",2004,5
"0021R",2004-05-10,"Drepanosiphum platanoidis",12,"Drepanosiphum",2004,5
"0021R",2004-05-10,"Elatobium abietinum",1,"Elatobium",2004,5
"0021R",2004-05-10,"Metopolophium festucae",3,"Metopolophium",2004,5
"00220R",2004-09-20,"Pemphigus spp",3,"Pemphigus",2004,9
"00220R",2004-09-20,"Rhopalosiphum oxyacanthae",1,"Rhopalosiphum",2004,9
"00220R",2004-09-20,"Rhopalosiphum padi",8,"Rhopalosiphum",2004,9
"00220R",2004-09-20,"Rhopalosiphum spp",2,"Rhopalosiphum",2004,9
"00222R",2004-10-03,"Drepanosiphum platanoidis",1,"Drepanosiphum",2004,10
"00222R",2004-10-03,"Rhopalosiphum oxyacanthae",14,"Rhopalosiphum",2004,10
"00222R",2004-10-03,"Rhopalosiphum padi",19,"Rhopalosiphum",2004,10
"00222R",2004-10-03,"Sitobion fragariae",1,"Sitobion",2004,10
"00225R",2004-10-27,"Capitophorus elaeagni",2,"Capitophorus",2004,10
"00225R",2004-10-27,"Rhopalosiphum oxyacanthae",8,"Rhopalosiphum",2004,10
"00225R",2004-10-27,"Rhopalosiphum padi",9,"Rhopalosiphum",2004,10
"0022R",2004-05-18,"Drepanosiphum platanoidis",21,"Drepanosiphum",2004,5
"0022R",2004-05-18,"Metopolophium festucae",1,"Metopolophium",2004,5
"0025R",2004-06-06,"Aphis spp",1,"Aphis",2004,6
"0025R",2004-06-06,"Aulacorthum spp",1,"Aulacorthum",2004,6
"0025R",2004-06-06,"Brachycaudus helichrysi",12,"Brachycaudus",2004,6
"0025R",2004-06-06,"Drepanosiphum platanoidis",11,"Drepanosiphum",2004,6
"0025R",2004-06-06,"Elatobium abietinum",9,"Elatobium",2004,6
"0025R",2004-06-06,"Euceraphis punctipennis",2,"Euceraphis",2004,6
"0025R",2004-06-06,"Hyadaphis foeniculi",1,"Hyadaphis",2004,6
"0025R",2004-06-06,"Phyllaphis fagi",3,"Phyllaphis",2004,6
"0025R",2004-06-06,"Rhopalosiphum oxyacanthae",1,"Rhopalosiphum",2004,6
"0025R",2004-06-06,"Sitobion avenae",1,"Sitobion",2004,6
"0025R",2004-06-06,"Tuberculatus annulatus",20,"Tuberculatus",2004,6
"0025R",2004-06-06,"Tuberculatus borealis",4,"Tuberculatus",2004,6
"0025R",2004-06-06,"Utamphorophora humboldti",2,"Utamphorophora",2004,6
"0028R",2004-06-29,"Drepanosiphum platanoidis",1,"Drepanosiphum",2004,6
"0028R",2004-06-29,"Euceraphis punctipennis",1,"Euceraphis",2004,6
"0028R",2004-06-29,"Hyalopterus pruni",1,"Hyalopterus",2004,6
"0028R",2004-06-29,"Macrosiphum euphorbiae",1,"Macrosiphum",2004,6
"0028R",2004-06-29,"Metopolophium dirhodum",5,"Metopolophium",2004,6
"0028R",2004-06-29,"Metopolophium festucae",2,"Metopolophium",2004,6
"0028R",2004-06-29,"Microlophium carnosum",1,"Microlophium",2004,6
"0028R",2004-06-29,"Phyllaphis fagi",1,"Phyllaphis",2004,6
"0028R",2004-06-29,"Sitobion avenae",4,"Sitobion",2004,6
"0028R",2004-06-29,"Tuberculatus annulatus",1,"Tuberculatus",2004,6
"0029R",2004-07-06,"Acyrthosiphon pisum",1,"Acyrthosiphon",2004,7
"0029R",2004-07-06,"Brachycaudus helichrysi",2,"Brachycaudus",2004,7
"0029R",2004-07-06,"Cavariella aegopodii",1,"Cavariella",2004,7
"0029R",2004-07-06,"Drepanosiphum platanoidis",7,"Drepanosiphum",2004,7
"0029R",2004-07-06,"Eriosoma spp",1,"Eriosoma",2004,7
"0029R",2004-07-06,"Euceraphis punctipennis",1,"Euceraphis",2004,7
"0029R",2004-07-06,"Eulachnus brevipilosus",1,"Eulachnus",2004,7
"0029R",2004-07-06,"Metopolophium dirhodum",19,"Metopolophium",2004,7
"0029R",2004-07-06,"Myzocallis coryli",1,"Myzocallis",2004,7
"0029R",2004-07-06,"Myzus persicae",1,"Myzus",2004,7
"0029R",2004-07-06,"Phyllaphis fagi",4,"Phyllaphis",2004,7
"0029R",2004-07-06,"Pterocallis alni",1,"Pterocallis",2004,7
"0029R",2004-07-06,"Rhopalosiphum oxyacanthae",2,"Rhopalosiphum",2004,7
"0029R",2004-07-06,"Sitobion avenae",20,"Sitobion",2004,7
"0029R",2004-07-06,"Tuberculatus annulatus",1,"Tuberculatus",2004,7
"0029R",2004-07-06,"Utamphorophora humboldti",1,"Utamphorophora",2004,7
"00311R",2005-07-22,"Cavariella pastinacae",1,"Cavariella",2005,7
"00311R",2005-07-22,"Euceraphis punctipennis",1,"Euceraphis",2005,7
"00311R",2005-07-22,"Phyllaphis fagi",1,"Phyllaphis",2005,7
"00311R",2005-07-22,"Rhopalosiphum oxyacanthae",6,"Rhopalosiphum",2005,7
"00311R",2005-07-22,"Rhopalosiphum padi",1,"Rhopalosiphum",2005,7
"00311R",2005-07-22,"Sitobion avenae",2,"Sitobion",2005,7
"00311R",2005-07-22,"Sitobion fragariae",2,"Sitobion",2005,7
"00311R",2005-07-22,"Sitobion spp",1,"Sitobion",2005,7
"00311R",2005-07-22,"Tuberculatus borealis",2,"Tuberculatus",2005,7
"00312R",2005-07-26,"Aphis rumicis",1,"Aphis",2005,7
"00312R",2005-07-26,"Aphis sambuci",1,"Aphis",2005,7
"00312R",2005-07-26,"Aphis spp",1,"Aphis",2005,7
"00312R",2005-07-26,"Brevicoryne brassicae",1,"Brevicoryne",2005,7
"00312R",2005-07-26,"Cinara spp",3,"Cinara",2005,7
"00312R",2005-07-26,"Drepanosiphum platanoidis",1,"Drepanosiphum",2005,7
"00312R",2005-07-26,"Hyalopterus pruni",1,"Hyalopterus",2005,7
"00312R",2005-07-26,"Myzus cerasi",2,"Myzus",2005,7
"00312R",2005-07-26,"Rhopalosiphum oxyacanthae",28,"Rhopalosiphum",2005,7
"00312R",2005-07-26,"Rhopalosiphum padi",3,"Rhopalosiphum",2005,7
"00312R",2005-07-26,"Sitobion avenae",12,"Sitobion",2005,7
"00312R",2005-07-26,"Sitobion fragariae",4,"Sitobion",2005,7
"00312R",2005-07-26,"Thecabius affinis",1,"Thecabius",2005,7
"00312R",2005-07-26,"Utamphorophora humboldti",1,"Utamphorophora",2005,7
"00315R",2005-08-18,"Aphis fabae gp.",7,"Aphis",2005,8
"00315R",2005-08-18,"Brachycaudus helichrysi",1,"Brachycaudus",2005,8
"00315R",2005-08-18,"Capitophorus hippophaes",1,"Capitophorus",2005,8
"00315R",2005-08-18,"Cavariella pastinacae",1,"Cavariella",2005,8
"00315R",2005-08-18,"Drepanosiphum platanoidis",1,"Drepanosiphum",2005,8
"00315R",2005-08-18,"Hyalopterus pruni",2,"Hyalopterus",2005,8
"00315R",2005-08-18,"Metopolophium dirhodum",2,"Metopolophium",2005,8
"00315R",2005-08-18,"Muscaphis escherichi",1,"Muscaphis",2005,8
"00315R",2005-08-18,"Pemphigus spp",1,"Pemphigus",2005,8
"00315R",2005-08-18,"Pterocallis alni",4,"Pterocallis",2005,8
"00315R",2005-08-18,"Rhopalosiphum oxyacanthae",13,"Rhopalosiphum",2005,8
"00315R",2005-08-18,"Rhopalosiphum padi",7,"Rhopalosiphum",2005,8
"00315R",2005-08-18,"Sitobion avenae",4,"Sitobion",2005,8
"00315R",2005-08-18,"Thecabius affinis",3,"Thecabius",2005,8
"00315R",2005-08-18,"Tuberculatus annulatus",1,"Tuberculatus",2005,8
"00315R",2005-08-18,"Tuberculatus borealis",3,"Tuberculatus",2005,8
"00315R",2005-08-18,"Utamphorophora humboldti",3,"Utamphorophora",2005,8
"00317R",2005-08-29,"Anoecia corni",1,"Anoecia",2005,8
"00317R",2005-08-29,"Aphis spp",1,"Aphis",2005,8
"00317R",2005-08-29,"Brachycaudus helichrysi",3,"Brachycaudus",2005,8
"00317R",2005-08-29,"Calaphis flava",1,"Calaphis",2005,8
"00317R",2005-08-29,"Capitophorus hippophaes",1,"Capitophorus",2005,8
"00317R",2005-08-29,"Cavariella theobaldi",2,"Cavariella",2005,8
"00317R",2005-08-29,"Drepanosiphum platanoidis",5,"Drepanosiphum",2005,8
"00317R",2005-08-29,"Eriosoma patchiae",1,"Eriosoma",2005,8
"00317R",2005-08-29,"Eriosoma spp",1,"Eriosoma",2005,8
"00317R",2005-08-29,"Macrosiphum rosae",1,"Macrosiphum",2005,8
"00317R",2005-08-29,"Metopolophium dirhodum",1,"Metopolophium",2005,8
"00317R",2005-08-29,"Pemphigus spp",1,"Pemphigus",2005,8
"00317R",2005-08-29,"Pterocallis alni",5,"Pterocallis",2005,8
"00317R",2005-08-29,"Rhopalosiphum oxyacanthae",35,"Rhopalosiphum",2005,8
"00317R",2005-08-29,"Rhopalosiphum padi",19,"Rhopalosiphum",2005,8
"00317R",2005-08-29,"Sitobion avenae",2,"Sitobion",2005,8
"00317R",2005-08-29,"Thecabius affinis",2,"Thecabius",2005,8
"00317R",2005-08-29,"Tuberculatus annulatus",2,"Tuberculatus",2005,8
"00317R",2005-08-29,"Tuberculatus borealis",1,"Tuberculatus",2005,8
"00318R",2005-09-08,"Acyrthosiphon malvae",1,"Acyrthosiphon",2005,9
"00318R",2005-09-08,"Aphis spp",2,"Aphis",2005,9
"00318R",2005-09-08,"Brachycaudus helichrysi",1,"Brachycaudus",2005,9
"00318R",2005-09-08,"Capitophorus hippophaes",1,"Capitophorus",2005,9
"00318R",2005-09-08,"Cavariella archangelicae",2,"Cavariella",2005,9
"00318R",2005-09-08,"Cavariella theobaldi",1,"Cavariella",2005,9
"00318R",2005-09-08,"Drepanosiphum platanoidis",1,"Drepanosiphum",2005,9
"00318R",2005-09-08,"Eriosoma patchiae",1,"Eriosoma",2005,9
"00318R",2005-09-08,"Hyadaphis foeniculi",1,"Hyadaphis",2005,9
"00318R",2005-09-08,"Pemphigus spp",4,"Pemphigus",2005,9
"00318R",2005-09-08,"Pterocallis alni",6,"Pterocallis",2005,9
"00318R",2005-09-08,"Rhopalosiphum oxyacanthae",17,"Rhopalosiphum",2005,9
"00318R",2005-09-08,"Rhopalosiphum padi",28,"Rhopalosiphum",2005,9
"00318R",2005-09-08,"Sitobion avenae",1,"Sitobion",2005,9
"00318R",2005-09-08,"Thecabius affinis",10,"Thecabius",2005,9
"00318R",2005-09-08,"Tuberculatus annulatus",2,"Tuberculatus",2005,9
"00319R",2005-09-10,"Aphis salicariae",1,"Aphis",2005,9
"00319R",2005-09-10,"Calaphis flava",1,"Calaphis",2005,9
"00319R",2005-09-10,"Eriosoma patchiae",1,"Eriosoma",2005,9
"00319R",2005-09-10,"Pemphigus spp",3,"Pemphigus",2005,9
"00319R",2005-09-10,"Pterocallis alni",12,"Pterocallis",2005,9
"00319R",2005-09-10,"Rhopalosiphum oxyacanthae",26,"Rhopalosiphum",2005,9
"00319R",2005-09-10,"Rhopalosiphum padi",49,"Rhopalosiphum",2005,9
"00319R",2005-09-10,"Thecabius affinis",3,"Thecabius",2005,9
"0031R",2005-05-12,"Elatobium abietinum",19,"Elatobium",2005,5
"00323R",2005-10-08,"Drepanosiphum platanoidis",1,"Drepanosiphum",2005,10
"00323R",2005-10-08,"Pemphigus spp",1,"Pemphigus",2005,10
"00323R",2005-10-08,"Rhopalosiphum oxyacanthae",5,"Rhopalosiphum",2005,10
"00323R",2005-10-08,"Rhopalosiphum padi",4,"Rhopalosiphum",2005,10
"00326R",2005-10-31,"Euceraphis punctipennis",2,"Euceraphis",2005,10
"00326R",2005-10-31,"Pemphigus spp",7,"Pemphigus",2005,10
"00326R",2005-10-31,"Rhopalosiphum oxyacanthae",4,"Rhopalosiphum",2005,10
"00326R",2005-10-31,"Rhopalosiphum padi",3,"Rhopalosiphum",2005,10
"00326R",2005-10-31,"Sitobion fragariae",2,"Sitobion",2005,10
"0034R",2005-05-31,"Cavariella aegopodii",1,"Cavariella",2005,5
"0034R",2005-05-31,"Cavariella theobaldi",1,"Cavariella",2005,5
"0034R",2005-05-31,"Ceruraphis eriophori",1,"Ceruraphis",2005,5
"0034R",2005-05-31,"Elatobium abietinum",17,"Elatobium",2005,5
"0034R",2005-05-31,"Rhopalosiphum padi",3,"Rhopalosiphum",2005,5
"0034R",2005-05-31,"Utamphorophora humboldti",5,"Utamphorophora",2005,5
"0036R",2005-06-11,"Aphis spp",2,"Aphis",2005,6
"0036R",2005-06-11,"Brachycaudus helichrysi",1,"Brachycaudus",2005,6
"0036R",2005-06-11,"Cavariella aegopodii",1,"Cavariella",2005,6
"0036R",2005-06-11,"Cavariella pastinacae",1,"Cavariella",2005,6
"0036R",2005-06-11,"Cinara spp",1,"Cinara",2005,6
"0036R",2005-06-11,"Drepanosiphum platanoidis",1,"Drepanosiphum",2005,6
"0036R",2005-06-11,"Elatobium abietinum",9,"Elatobium",2005,6
"0036R",2005-06-11,"Macrosiphum rosae",1,"Macrosiphum",2005,6
"0036R",2005-06-11,"Microlophium carnosum",1,"Microlophium",2005,6
"0036R",2005-06-11,"Nasonovia ribisnigri",1,"Nasonovia",2005,6
"0036R",2005-06-11,"Sitobion fragariae",2,"Sitobion",2005,6
"0036R",2005-06-11,"Utamphorophora humboldti",3,"Utamphorophora",2005,6
"0038R",2005-06-30,"Aphis spp",3,"Aphis",2005,6
"0038R",2005-06-30,"Cavariella aegopodii",1,"Cavariella",2005,6
"0038R",2005-06-30,"Forda marginata",1,"Forda",2005,6
"0038R",2005-06-30,"Hyadaphis foeniculi",1,"Hyadaphis",2005,6
"0038R",2005-06-30,"Hyperomyzus lactucae",1,"Hyperomyzus",2005,6
"0038R",2005-06-30,"Macrosiphum euphorbiae",1,"Macrosiphum",2005,6
"0038R",2005-06-30,"Metopolophium dirhodum",1,"Metopolophium",2005,6
"0038R",2005-06-30,"Microlophium carnosum",1,"Microlophium",2005,6
"0038R",2005-06-30,"Myzus cerasi",4,"Myzus",2005,6
"0038R",2005-06-30,"Myzus ornatus",1,"Myzus",2005,6
"0038R",2005-06-30,"Phyllaphis fagi",5,"Phyllaphis",2005,6
"0038R",2005-06-30,"Rhopalosiphum padi",1,"Rhopalosiphum",2005,6
"0038R",2005-06-30,"Sitobion avenae",1,"Sitobion",2005,6
"0038R",2005-06-30,"Utamphorophora humboldti",2,"Utamphorophora",2005,6
"00411R",2006-08-08,"Aphis spp",2,"Aphis",2006,8
"00411R",2006-08-08,"Brachycaudus helichrysi",2,"Brachycaudus",2006,8
"00411R",2006-08-08,"Drepanosiphum platanoidis",2,"Drepanosiphum",2006,8
"00411R",2006-08-08,"Hyadaphis foeniculi",2,"Hyadaphis",2006,8
"00411R",2006-08-08,"Macrosiphum euphorbiae",2,"Macrosiphum",2006,8
"00411R",2006-08-08,"Rhopalosiphum padi",2,"Rhopalosiphum",2006,8
"00411R",2006-08-08,"Sitobion avenae",4,"Sitobion",2006,8
"00411R",2006-08-08,"Thecabius affinis",2,"Thecabius",2006,8
"00411R",2006-08-08,"Utamphorophora humboldti",2,"Utamphorophora",2006,8
"00413R",2006-08-26,"Aphis salicariae",1,"Aphis",2006,8
"00413R",2006-08-26,"Aphis spp",1,"Aphis",2006,8
"00413R",2006-08-26,"Capitophorus hippophaes",2,"Capitophorus",2006,8
"00413R",2006-08-26,"Drepanosiphum platanoidis",25,"Drepanosiphum",2006,8
"00413R",2006-08-26,"Pemphigus spp",1,"Pemphigus",2006,8
"00413R",2006-08-26,"Rhopalosiphum oxyacanthae",2,"Rhopalosiphum",2006,8
"00415R",2006-09-06,"Aphis salicariae",1,"Aphis",2006,9
"00415R",2006-09-06,"Aphis spp",1,"Aphis",2006,9
"00415R",2006-09-06,"Brachycaudus helichrysi",7,"Brachycaudus",2006,9
"00415R",2006-09-06,"Drepanosiphum platanoidis",2,"Drepanosiphum",2006,9
"00415R",2006-09-06,"Eriosoma patchiae",1,"Eriosoma",2006,9
"00415R",2006-09-06,"Rhopalosiphum oxyacanthae",4,"Rhopalosiphum",2006,9
"00415R",2006-09-06,"Rhopalosiphum padi",2,"Rhopalosiphum",2006,9
"00415R",2006-09-06,"Thecabius affinis",4,"Thecabius",2006,9
"00417R",2006-09-20,"Anoecia corni",4,"Anoecia",2006,9
"00417R",2006-09-20,"Capitophorus hippophaes",1,"Capitophorus",2006,9
"00417R",2006-09-20,"Drepanosiphum platanoidis",1,"Drepanosiphum",2006,9
"00417R",2006-09-20,"Pemphigus spp",2,"Pemphigus",2006,9
"00417R",2006-09-20,"Rhopalosiphum oxyacanthae",7,"Rhopalosiphum",2006,9
"00417R",2006-09-20,"Rhopalosiphum padi",57,"Rhopalosiphum",2006,9
"00417R",2006-09-20,"Thecabius affinis",2,"Thecabius",2006,9
"00419R",2006-10-17,"Pemphigus spp",6,"Pemphigus",2006,10
"00419R",2006-10-17,"Rhopalosiphum oxyacanthae",18,"Rhopalosiphum",2006,10
"00419R",2006-10-17,"Rhopalosiphum padi",50,"Rhopalosiphum",2006,10
"0041R",2006-05-12,"Drepanosiphum platanoidis",1,"Drepanosiphum",2006,5
"0041R",2006-05-12,"Euceraphis punctipennis",5,"Euceraphis",2006,5
"00421R",2006-10-29,"Cryptomyzus galeopsidis",2,"Cryptomyzus",2006,10
"00421R",2006-10-29,"Myzus lythri",2,"Myzus",2006,10
"00421R",2006-10-29,"Pemphigus spp",8,"Pemphigus",2006,10
"00421R",2006-10-29,"Rhopalosiphum oxyacanthae",22,"Rhopalosiphum",2006,10
"00421R",2006-10-29,"Rhopalosiphum padi",46,"Rhopalosiphum",2006,10
"00421R",2006-10-29,"Sitobion fragariae",2,"Sitobion",2006,10
"0043R",2006-05-29,"Drepanosiphum platanoidis",10,"Drepanosiphum",2006,5
"0043R",2006-05-29,"Elatobium abietinum",1,"Elatobium",2006,5
"0043R",2006-05-29,"Phyllaphis fagi",2,"Phyllaphis",2006,5
"0048R",2006-07-16,"Acyrthosiphon pisum",2,"Acyrthosiphon",2006,7
"0048R",2006-07-16,"Aphis spp",6,"Aphis",2006,7
"0048R",2006-07-16,"Brachycaudus helichrysi",4,"Brachycaudus",2006,7
"0048R",2006-07-16,"Drepanosiphum platanoidis",4,"Drepanosiphum",2006,7
"0048R",2006-07-16,"Hyalopterus pruni",6,"Hyalopterus",2006,7
"0048R",2006-07-16,"Metopolophium dirhodum",14,"Metopolophium",2006,7
"0048R",2006-07-16,"Myzus persicae",2,"Myzus",2006,7
"0048R",2006-07-16,"Myzus cerasi",2,"Myzus",2006,7
"0048R",2006-07-16,"Phyllaphis fagi",2,"Phyllaphis",2006,7
"0048R",2006-07-16,"Rhopalosiphum oxyacanthae",22,"Rhopalosiphum",2006,7
"0048R",2006-07-16,"Rhopalosiphum spp",2,"Rhopalosiphum",2006,7
"0048R",2006-07-16,"Sitobion avenae",32,"Sitobion",2006,7
"0048R",2006-07-16,"Sitobion fragariae",6,"Sitobion",2006,7
"0049R",2006-07-26,"Acyrthosiphon pisum",6,"Acyrthosiphon",2006,7
"0049R",2006-07-26,"Aphis fabae gp.",2,"Aphis",2006,7
"0049R",2006-07-26,"Aphis spp",4,"Aphis",2006,7
"0049R",2006-07-26,"Cavariella pastinacae",2,"Cavariella",2006,7
"0049R",2006-07-26,"Drepanosiphum platanoidis",8,"Drepanosiphum",2006,7
"0049R",2006-07-26,"Hyadaphis foeniculi",2,"Hyadaphis",2006,7
"0049R",2006-07-26,"Hyalopterus pruni",2,"Hyalopterus",2006,7
"0049R",2006-07-26,"Metopolophium dirhodum",12,"Metopolophium",2006,7
"0049R",2006-07-26,"Rhopalosiphum oxyacanthae",6,"Rhopalosiphum",2006,7
"0049R",2006-07-26,"Rhopalosiphum padi",6,"Rhopalosiphum",2006,7
"0049R",2006-07-26,"Sitobion avenae",20,"Sitobion",2006,7
"0049R",2006-07-26,"Sitobion fragariae",12,"Sitobion",2006,7
"0049R",2006-07-26,"Utamphorophora humboldti",2,"Utamphorophora",2006,7
"00511R",2007-07-14,"Drepanosiphum platanoidis",2,"Drepanosiphum",2007,7
"00511R",2007-07-14,"Euceraphis punctipennis",2,"Euceraphis",2007,7
"00511R",2007-07-14,"Eulachnus spp",1,"Eulachnus",2007,7
"00511R",2007-07-14,"Hyalopterus pruni",1,"Hyalopterus",2007,7
"00511R",2007-07-14,"Myzus cerasi",1,"Myzus",2007,7
"00511R",2007-07-14,"Rhopalosiphum oxyacanthae",2,"Rhopalosiphum",2007,7
"00511R",2007-07-14,"Rhopalosiphum padi",1,"Rhopalosiphum",2007,7
"00511R",2007-07-14,"Sitobion avenae",1,"Sitobion",2007,7
"00511R",2007-07-14,"Tubaphis ranunculina",1,"Tubaphis",2007,7
"00511R",2007-07-14,"Tuberculatus annulatus",1,"Tuberculatus",2007,7
"00511R",2007-07-14,"Uroleucon spp",1,"Uroleucon",2007,7
"00511R",2007-07-14,"Utamphorophora humboldti",1,"Utamphorophora",2007,7
"00512R",2007-07-19,"Drepanosiphum platanoidis",10,"Drepanosiphum",2007,7
"00512R",2007-07-19,"Euceraphis punctipennis",1,"Euceraphis",2007,7
"00512R",2007-07-19,"Rhopalosiphum oxyacanthae",1,"Rhopalosiphum",2007,7
"00512R",2007-07-19,"Rhopalosiphum padi",1,"Rhopalosiphum",2007,7
"00512R",2007-07-19,"Sitobion avenae",1,"Sitobion",2007,7
"00512R",2007-07-19,"Utamphorophora humboldti",1,"Utamphorophora",2007,7
"00515R",2007-08-12,"Aphis spp",1,"Aphis",2007,8
"00515R",2007-08-12,"Brachycaudus helichrysi",1,"Brachycaudus",2007,8
"00515R",2007-08-12,"Capitophorus hippophaes",1,"Capitophorus",2007,8
"00515R",2007-08-12,"Drepanosiphum platanoidis",13,"Drepanosiphum",2007,8
"00515R",2007-08-12,"Hyalopterus pruni",7,"Hyalopterus",2007,8
"00515R",2007-08-12,"Myzocallis castanicola",1,"Myzocallis",2007,8
"00515R",2007-08-12,"Nearctaphis bakeri",1,"Nearctaphis",2007,8
"00515R",2007-08-12,"Rhopalosiphum oxyacanthae",3,"Rhopalosiphum",2007,8
"00515R",2007-08-12,"Sitobion avenae",8,"Sitobion",2007,8
"00515R",2007-08-12,"Tuberculatus annulatus",2,"Tuberculatus",2007,8
"00515R",2007-08-12,"Tuberculatus borealis",1,"Tuberculatus",2007,8
"00515R",2007-08-12,"Utamphorophora humboldti",2,"Utamphorophora",2007,8
"00518R",2007-08-28,"Anoecia corni",2,"Anoecia",2007,8
"00518R",2007-08-28,"Aphis fabae gp.",1,"Aphis",2007,8
"00518R",2007-08-28,"Aphis spp",3,"Aphis",2007,8
"00518R",2007-08-28,"Brachycaudus helichrysi",5,"Brachycaudus",2007,8
"00518R",2007-08-28,"Cavariella aegopodii",1,"Cavariella",2007,8
"00518R",2007-08-28,"Cavariella pastinacae",1,"Cavariella",2007,8
"00518R",2007-08-28,"Cinara spp",1,"Cinara",2007,8
"00518R",2007-08-28,"Cryptomyzus galeopsidis",1,"Cryptomyzus",2007,8
"00518R",2007-08-28,"Drepanosiphum platanoidis",20,"Drepanosiphum",2007,8
"00518R",2007-08-28,"Eriosoma patchiae",3,"Eriosoma",2007,8
"00518R",2007-08-28,"Hyalopterus pruni",4,"Hyalopterus",2007,8
"00518R",2007-08-28,"Macrosiphum euphorbiae",1,"Macrosiphum",2007,8
"00518R",2007-08-28,"Metopolophium dirhodum",4,"Metopolophium",2007,8
"00518R",2007-08-28,"Pemphigus spp",8,"Pemphigus",2007,8
"00518R",2007-08-28,"Rhopalosiphum oxyacanthae",8,"Rhopalosiphum",2007,8
"00518R",2007-08-28,"Rhopalosiphum padi",11,"Rhopalosiphum",2007,8
"00518R",2007-08-28,"Sitobion avenae",5,"Sitobion",2007,8
"00518R",2007-08-28,"Sitobion fragariae",2,"Sitobion",2007,8
"00518R",2007-08-28,"Thecabius affinis",1,"Thecabius",2007,8
"00518R",2007-08-28,"Tuberculatus annulatus",3,"Tuberculatus",2007,8
"00518R",2007-08-28,"Tuberculatus borealis",2,"Tuberculatus",2007,8
"00518R",2007-08-28,"Utamphorophora humboldti",1,"Utamphorophora",2007,8
"00519R",2007-09-05,"Aphis fabae gp.",1,"Aphis",2007,9
"00519R",2007-09-05,"Aphis spp",7,"Aphis",2007,9
"00519R",2007-09-05,"Brachycaudus helichrysi",1,"Brachycaudus",2007,9
"00519R",2007-09-05,"Cavariella archangelicae",1,"Cavariella",2007,9
"00519R",2007-09-05,"Cavariella konoi",1,"Cavariella",2007,9
"00519R",2007-09-05,"Drepanosiphum platanoidis",13,"Drepanosiphum",2007,9
"00519R",2007-09-05,"Eriosoma patchiae",1,"Eriosoma",2007,9
"00519R",2007-09-05,"Metopolophium festucae",1,"Metopolophium",2007,9
"00519R",2007-09-05,"Pemphigus spp",8,"Pemphigus",2007,9
"00519R",2007-09-05,"Rhopalosiphum oxyacanthae",11,"Rhopalosiphum",2007,9
"00519R",2007-09-05,"Rhopalosiphum padi",33,"Rhopalosiphum",2007,9
"00519R",2007-09-05,"Sitobion avenae",1,"Sitobion",2007,9
"00519R",2007-09-05,"Thecabius affinis",2,"Thecabius",2007,9
"00519R",2007-09-05,"Tuberculatus annulatus",7,"Tuberculatus",2007,9
"00519R",2007-09-05,"Utamphorophora humboldti",4,"Utamphorophora",2007,9
"00521R",2007-09-25,"Aphis spp",2,"Aphis",2007,9
"00521R",2007-09-25,"Cavariella aegopodii",1,"Cavariella",2007,9
"00521R",2007-09-25,"Metopolophium dirhodum",1,"Metopolophium",2007,9
"00521R",2007-09-25,"Rhopalosiphum oxyacanthae",6,"Rhopalosiphum",2007,9
"00521R",2007-09-25,"Rhopalosiphum padi",55,"Rhopalosiphum",2007,9
"00523R",2007-10-21,"Ceruraphis eriophori",4,"Ceruraphis",2007,10
"00523R",2007-10-21,"Drepanosiphum platanoidis",2,"Drepanosiphum",2007,10
"00523R",2007-10-21,"Pemphigus spp",2,"Pemphigus",2007,10
"00523R",2007-10-21,"Phyllaphis fagi",2,"Phyllaphis",2007,10
"00523R",2007-10-21,"Rhopalomyzus lonicerae",2,"Rhopalomyzus",2007,10
"00523R",2007-10-21,"Rhopalosiphum oxyacanthae",44,"Rhopalosiphum",2007,10
"00523R",2007-10-21,"Rhopalosiphum padi",34,"Rhopalosiphum",2007,10
"00523R",2007-10-21,"Sitobion fragariae",2,"Sitobion",2007,10
"00523R",2007-10-21,"Tuberculatus annulatus",8,"Tuberculatus",2007,10
"00523R",2007-10-21,"Tuberculatus borealis",2,"Tuberculatus",2007,10
"00525R",2007-10-30,"Euceraphis punctipennis",1,"Euceraphis",2007,10
"00525R",2007-10-30,"Rhopalosiphum oxyacanthae",5,"Rhopalosiphum",2007,10
"00525R",2007-10-30,"Rhopalosiphum padi",1,"Rhopalosiphum",2007,10
"0053R",2007-05-18,"Aphis spp",1,"Aphis",2007,5
"0053R",2007-05-18,"Aulacorthum solani",1,"Aulacorthum",2007,5
"0053R",2007-05-18,"Brachycaudus helichrysi",1,"Brachycaudus",2007,5
"0053R",2007-05-18,"Cavariella aegopodii",1,"Cavariella",2007,5
"0053R",2007-05-18,"Elatobium abietinum",5,"Elatobium",2007,5
"0053R",2007-05-18,"Metopolophium dirhodum",1,"Metopolophium",2007,5
"0053R",2007-05-18,"Metopolophium frisicum",1,"Metopolophium",2007,5
"0053R",2007-05-18,"Utamphorophora humboldti",3,"Utamphorophora",2007,5
"0054R",2007-05-27,"Acyrthosiphon malvae",1,"Acyrthosiphon",2007,5
"0054R",2007-05-27,"Aphis spp",24,"Aphis",2007,5
"0054R",2007-05-27,"Brachycaudus helichrysi",3,"Brachycaudus",2007,5
"0054R",2007-05-27,"Drepanosiphum platanoidis",1,"Drepanosiphum",2007,5
"0054R",2007-05-27,"Elatobium abietinum",22,"Elatobium",2007,5
"0054R",2007-05-27,"Hyperomyzus lactucae",1,"Hyperomyzus",2007,5
"0054R",2007-05-27,"Metopolophium dirhodum",1,"Metopolophium",2007,5
"0054R",2007-05-27,"Metopolophium frisicum",1,"Metopolophium",2007,5
"0054R",2007-05-27,"Microlophium carnosum",2,"Microlophium",2007,5
"0054R",2007-05-27,"Myzus ascalonicus",1,"Myzus",2007,5
"0054R",2007-05-27,"Myzus persicae",1,"Myzus",2007,5
"0054R",2007-05-27,"Rhopalosiphum padi",3,"Rhopalosiphum",2007,5
"0054R",2007-05-27,"Utamphorophora humboldti",3,"Utamphorophora",2007,5
"0056R",2007-06-06,"Aphis spp",1,"Aphis",2007,6
"0056R",2007-06-06,"Brachycaudus helichrysi",3,"Brachycaudus",2007,6
"0056R",2007-06-06,"Cinara spp",1,"Cinara",2007,6
"0056R",2007-06-06,"Drepanosiphum platanoidis",13,"Drepanosiphum",2007,6
"0056R",2007-06-06,"Elatobium abietinum",2,"Elatobium",2007,6
"0056R",2007-06-06,"Metopolophium dirhodum",1,"Metopolophium",2007,6
"0056R",2007-06-06,"Metopolophium festucae",1,"Metopolophium",2007,6
"0056R",2007-06-06,"Microlophium carnosum",4,"Microlophium",2007,6
"0056R",2007-06-06,"Myzus certus",1,"Myzus",2007,6
"0056R",2007-06-06,"Rhopalosiphum oxyacanthae",1,"Rhopalosiphum",2007,6
"0056R",2007-06-06,"Rhopalosiphum padi",2,"Rhopalosiphum",2007,6
"0056R",2007-06-06,"Tubaphis ranunculina",1,"Tubaphis",2007,6
"0056R",2007-06-06,"Utamphorophora humboldti",10,"Utamphorophora",2007,6
"0058R",2007-06-23,"Acyrthosiphon pisum",2,"Acyrthosiphon",2007,6
"0058R",2007-06-23,"Drepanosiphum platanoidis",48,"Drepanosiphum",2007,6
"0058R",2007-06-23,"Macrosiphum spp",2,"Macrosiphum",2007,6
"0058R",2007-06-23,"Microlophium carnosum",2,"Microlophium",2007,6
"0058R",2007-06-23,"Myzocallis spp",2,"Myzocallis",2007,6
"0058R",2007-06-23,"Myzus persicae",2,"Myzus",2007,6
"0058R",2007-06-23,"Myzus cerasi",8,"Myzus",2007,6
"0058R",2007-06-23,"Phyllaphis fagi",4,"Phyllaphis",2007,6
"0058R",2007-06-23,"Sitobion avenae",6,"Sitobion",2007,6
"0058R",2007-06-23,"Utamphorophora humboldti",2,"Utamphorophora",2007,6
"00610R",2008-07-03,"Acyrthosiphon pisum",3,"Acyrthosiphon",2008,7
"00610R",2008-07-03,"Aphis fabae gp.",5,"Aphis",2008,7
"00610R",2008-07-03,"Aphis sambuci",1,"Aphis",2008,7
"00610R",2008-07-03,"Brachycaudus helichrysi",1,"Brachycaudus",2008,7
"00610R",2008-07-03,"Calaphis flava",1,"Calaphis",2008,7
"00610R",2008-07-03,"Cavariella aegopodii",2,"Cavariella",2008,7
"00610R",2008-07-03,"Cavariella konoi",1,"Cavariella",2008,7
"00610R",2008-07-03,"Chaitophorus spp",1,"Chaitophorus",2008,7
"00610R",2008-07-03,"Drepanosiphum platanoidis",3,"Drepanosiphum",2008,7
"00610R",2008-07-03,"Dysaphis plantaginea",1,"Dysaphis",2008,7
"00610R",2008-07-03,"Eucallipterus tiliae",1,"Eucallipterus",2008,7
"00610R",2008-07-03,"Euceraphis punctipennis",5,"Euceraphis",2008,7
"00610R",2008-07-03,"Hyalopterus pruni",1,"Hyalopterus",2008,7
"00610R",2008-07-03,"Hyperomyzus lactucae",1,"Hyperomyzus",2008,7
"00610R",2008-07-03,"Metopolophium dirhodum",1,"Metopolophium",2008,7
"00610R",2008-07-03,"Myzocallis castanicola",13,"Myzocallis",2008,7
"00610R",2008-07-03,"Myzus persicae",2,"Myzus",2008,7
"00610R",2008-07-03,"Myzus cerasi",5,"Myzus",2008,7
"00610R",2008-07-03,"Pterocallis alni",3,"Pterocallis",2008,7
"00610R",2008-07-03,"Rhopalosiphum oxyacanthae",8,"Rhopalosiphum",2008,7
"00610R",2008-07-03,"Rhopalosiphum padi",3,"Rhopalosiphum",2008,7
"00614R",2008-07-29,"Acyrthosiphon pisum",2,"Acyrthosiphon",2008,7
"00614R",2008-07-29,"Aphis spp",1,"Aphis",2008,7
"00614R",2008-07-29,"Brachycaudus helichrysi",1,"Brachycaudus",2008,7
"00614R",2008-07-29,"Cavariella pastinacae",2,"Cavariella",2008,7
"00614R",2008-07-29,"Chaitophorus spp",1,"Chaitophorus",2008,7
"00614R",2008-07-29,"Hyadaphis foeniculi",2,"Hyadaphis",2008,7
"00614R",2008-07-29,"Hyalopterus pruni",2,"Hyalopterus",2008,7
"00614R",2008-07-29,"Myzus cerasi",4,"Myzus",2008,7
"00614R",2008-07-29,"Pterocallis alni",2,"Pterocallis",2008,7
"00614R",2008-07-29,"Rhopalosiphoninus staphyleae",1,"Rhopalosiphoninus",2008,7
"00614R",2008-07-29,"Rhopalosiphum oxyacanthae",5,"Rhopalosiphum",2008,7
"00614R",2008-07-29,"Rhopalosiphum padi",4,"Rhopalosiphum",2008,7
"00614R",2008-07-29,"Sitobion avenae",10,"Sitobion",2008,7
"00616R",2008-08-15,"Cavariella theobaldi",2,"Cavariella",2008,8
"00616R",2008-08-15,"Drepanosiphum platanoidis",2,"Drepanosiphum",2008,8
"00616R",2008-08-15,"Hyalopterus pruni",2,"Hyalopterus",2008,8
"00616R",2008-08-15,"Rhopalosiphum oxyacanthae",2,"Rhopalosiphum",2008,8
"00616R",2008-08-15,"Rhopalosiphum padi",4,"Rhopalosiphum",2008,8
"00616R",2008-08-15,"Sitobion avenae",6,"Sitobion",2008,8
"00617R",2008-08-21,"Cavariella aegopodii",2,"Cavariella",2008,8
"00617R",2008-08-21,"Rhopalosiphum oxyacanthae",12,"Rhopalosiphum",2008,8
"00617R",2008-08-21,"Sitobion avenae",4,"Sitobion",2008,8
"00617R",2008-08-21,"Utamphorophora humboldti",2,"Utamphorophora",2008,8
"00621R",2008-09-17,"Brachycaudus helichrysi",2,"Brachycaudus",2008,9
"00621R",2008-09-17,"Capitophorus similis",2,"Capitophorus",2008,9
"00621R",2008-09-17,"Rhopalosiphum maidis",2,"Rhopalosiphum",2008,9
"00621R",2008-09-17,"Rhopalosiphum oxyacanthae",6,"Rhopalosiphum",2008,9
"00621R",2008-09-17,"Rhopalosiphum padi",38,"Rhopalosiphum",2008,9
"00622R",2008-09-24,"Pemphigus spp",2,"Pemphigus",2008,9
"00622R",2008-09-24,"Rhopalosiphum oxyacanthae",38,"Rhopalosiphum",2008,9
"00622R",2008-09-24,"Rhopalosiphum padi",66,"Rhopalosiphum",2008,9
"00622R",2008-09-24,"Sitobion fragariae",2,"Sitobion",2008,9
"00623R",2008-10-06,"Ceruraphis eriophori",2,"Ceruraphis",2008,10
"00623R",2008-10-06,"Dysaphis spp",2,"Dysaphis",2008,10
"00623R",2008-10-06,"Pemphigus spp",2,"Pemphigus",2008,10
"00623R",2008-10-06,"Rhopalosiphum oxyacanthae",60,"Rhopalosiphum",2008,10
"00623R",2008-10-06,"Rhopalosiphum padi",20,"Rhopalosiphum",2008,10
"00626R",2008-10-22,"Rhopalosiphum oxyacanthae",6,"Rhopalosiphum",2008,10
"00626R",2008-10-22,"Rhopalosiphum padi",2,"Rhopalosiphum",2008,10
"0063R",2008-05-19,"Aphis spp",1,"Aphis",2008,5
"0063R",2008-05-19,"Elatobium abietinum",14,"Elatobium",2008,5
"0065R",2008-05-29,"Elatobium abietinum",7,"Elatobium",2008,5
"0065R",2008-05-29,"Euceraphis punctipennis",10,"Euceraphis",2008,5
"0065R",2008-05-29,"Metopolophium dirhodum",1,"Metopolophium",2008,5
"0065R",2008-05-29,"Myzus lythri",4,"Myzus",2008,5
"0065R",2008-05-29,"Phyllaphis fagi",2,"Phyllaphis",2008,5
"0065R",2008-05-29,"Rhopalosiphum padi",1,"Rhopalosiphum",2008,5
"0066R",2008-06-09,"Brachycaudus helichrysi",3,"Brachycaudus",2008,6
"0066R",2008-06-09,"Cavariella aegopodii",1,"Cavariella",2008,6
"0066R",2008-06-09,"Cavariella pastinacae",1,"Cavariella",2008,6
"0066R",2008-06-09,"Drepanosiphum platanoidis",1,"Drepanosiphum",2008,6
"0066R",2008-06-09,"Elatobium abietinum",4,"Elatobium",2008,6
"0066R",2008-06-09,"Eriosoma ulmi",2,"Eriosoma",2008,6
"0066R",2008-06-09,"Euceraphis punctipennis",2,"Euceraphis",2008,6
"0066R",2008-06-09,"Hyadaphis foeniculi",1,"Hyadaphis",2008,6
"0066R",2008-06-09,"Myzocallis castanicola",3,"Myzocallis",2008,6
"0066R",2008-06-09,"Phyllaphis fagi",8,"Phyllaphis",2008,6
"0066R",2008-06-09,"Tuberculatus annulatus",8,"Tuberculatus",2008,6
"0066R",2008-06-09,"Tuberculatus borealis",2,"Tuberculatus",2008,6
"0069R",2008-06-30,"Acyrthosiphon pisum",1,"Acyrthosiphon",2008,6
"0069R",2008-06-30,"Acyrthosiphon loti",1,"Acyrthosiphon",2008,6
"0069R",2008-06-30,"Aphis fabae gp.",1,"Aphis",2008,6
"0069R",2008-06-30,"Aphis rumicis",1,"Aphis",2008,6
"0069R",2008-06-30,"Aphis spp",1,"Aphis",2008,6
"0069R",2008-06-30,"Cavariella aegopodii",1,"Cavariella",2008,6
"0069R",2008-06-30,"Drepanosiphum platanoidis",4,"Drepanosiphum",2008,6
"0069R",2008-06-30,"Metopolophium dirhodum",1,"Metopolophium",2008,6
"0069R",2008-06-30,"Myzocallis castanicola",11,"Myzocallis",2008,6
"0069R",2008-06-30,"Myzocallis coryli",1,"Myzocallis",2008,6
"0069R",2008-06-30,"Phyllaphis fagi",1,"Phyllaphis",2008,6
"0069R",2008-06-30,"Pterocallis alni",2,"Pterocallis",2008,6
"0069R",2008-06-30,"Rhopalosiphum oxyacanthae",4,"Rhopalosiphum",2008,6
"0069R",2008-06-30,"Rhopalosiphum padi",1,"Rhopalosiphum",2008,6
"0069R",2008-06-30,"Sitobion avenae",1,"Sitobion",2008,6
"0069R",2008-06-30,"Tuberculatus annulatus",2,"Tuberculatus",2008,6
"00710R",2009-07-31,"Drepanosiphum platanoidis",4,"Drepanosiphum",2009,7
"00710R",2009-07-31,"Rhopalosiphum oxyacanthae",6,"Rhopalosiphum",2009,7
"00710R",2009-07-31,"Sitobion fragariae",2,"Sitobion",2009,7
"00711R",2009-08-11,"Drepanosiphum platanoidis",8,"Drepanosiphum",2009,8
"00711R",2009-08-11,"Rhopalosiphum oxyacanthae",14,"Rhopalosiphum",2009,8
"00711R",2009-08-11,"Rhopalosiphum padi",6,"Rhopalosiphum",2009,8
"00711R",2009-08-11,"Tuberculatus annulatus",2,"Tuberculatus",2009,8
"00711R",2009-08-11,"Tuberculatus borealis",8,"Tuberculatus",2009,8
"00714R",2009-08-27,"Anoecia corni",4,"Anoecia",2009,8
"00714R",2009-08-27,"Aphis spp",2,"Aphis",2009,8
"00714R",2009-08-27,"Drepanosiphum platanoidis",2,"Drepanosiphum",2009,8
"00714R",2009-08-27,"Metopolophium dirhodum",2,"Metopolophium",2009,8
"00714R",2009-08-27,"Pemphigus spp",2,"Pemphigus",2009,8
"00714R",2009-08-27,"Rhopalosiphum oxyacanthae",42,"Rhopalosiphum",2009,8
"00714R",2009-08-27,"Rhopalosiphum padi",10,"Rhopalosiphum",2009,8
"00714R",2009-08-27,"Sitobion avenae",2,"Sitobion",2009,8
"00714R",2009-08-27,"Tuberculatus annulatus",2,"Tuberculatus",2009,8
"00716R",2009-09-15,"Aphis spp",1,"Aphis",2009,9
"00716R",2009-09-15,"Brevicoryne brassicae",1,"Brevicoryne",2009,9
"00716R",2009-09-15,"Drepanosiphum platanoidis",38,"Drepanosiphum",2009,9
"00716R",2009-09-15,"Eriosoma patchiae",6,"Eriosoma",2009,9
"00716R",2009-09-15,"Hyperomyzus spp",1,"Hyperomyzus",2009,9
"00716R",2009-09-15,"Pemphigus spp",4,"Pemphigus",2009,9
"00716R",2009-09-15,"Rhopalosiphum oxyacanthae",28,"Rhopalosiphum",2009,9
"00716R",2009-09-15,"Rhopalosiphum padi",17,"Rhopalosiphum",2009,9
"00717R",2009-09-19,"Anoecia corni",2,"Anoecia",2009,9
"00717R",2009-09-19,"Drepanosiphum platanoidis",19,"Drepanosiphum",2009,9
"00717R",2009-09-19,"Eriosoma patchiae",2,"Eriosoma",2009,9
"00717R",2009-09-19,"Pemphigus spp",1,"Pemphigus",2009,9
"00717R",2009-09-19,"Rhopalosiphum oxyacanthae",42,"Rhopalosiphum",2009,9
"00717R",2009-09-19,"Rhopalosiphum padi",3,"Rhopalosiphum",2009,9
"00717R",2009-09-19,"Tuberculatus borealis",1,"Tuberculatus",2009,9
"00718R",2009-10-19,"Drepanosiphum platanoidis",4,"Drepanosiphum",2009,10
"00718R",2009-10-19,"Pemphigus spp",2,"Pemphigus",2009,10
"00718R",2009-10-19,"Rhopalosiphum oxyacanthae",34,"Rhopalosiphum",2009,10
"00718R",2009-10-19,"Rhopalosiphum padi",14,"Rhopalosiphum",2009,10
"00718R",2009-10-19,"Sitobion fragariae",4,"Sitobion",2009,10
"00719R",2009-10-22,"Drepanosiphum platanoidis",8,"Drepanosiphum",2009,10
"00719R",2009-10-22,"Rhopalosiphum oxyacanthae",28,"Rhopalosiphum",2009,10
"00719R",2009-10-22,"Rhopalosiphum padi",14,"Rhopalosiphum",2009,10
"0072R",2009-05-16,"Aulacorthum solani",1,"Aulacorthum",2009,5
"0072R",2009-05-16,"Brachycaudus cardui",1,"Brachycaudus",2009,5
"0072R",2009-05-16,"Dysaphis spp",1,"Dysaphis",2009,5
"0072R",2009-05-16,"Elatobium abietinum",5,"Elatobium",2009,5
"0073R",2009-05-26,"Aphis spp",1,"Aphis",2009,5
"0073R",2009-05-26,"Brachycaudus helichrysi",1,"Brachycaudus",2009,5
"0073R",2009-05-26,"Drepanosiphum platanoidis",13,"Drepanosiphum",2009,5
"0073R",2009-05-26,"Elatobium abietinum",20,"Elatobium",2009,5
"0073R",2009-05-26,"Metopolophium festucae",1,"Metopolophium",2009,5
"0073R",2009-05-26,"Metopolophium frisicum",1,"Metopolophium",2009,5
"0073R",2009-05-26,"Myzus ascalonicus",1,"Myzus",2009,5
"0073R",2009-05-26,"Rhopalosiphum oxyacanthae",1,"Rhopalosiphum",2009,5
"0074R",2009-06-16,"Aphis spp",2,"Aphis",2009,6
"0074R",2009-06-16,"Drepanosiphum platanoidis",12,"Drepanosiphum",2009,6
"0074R",2009-06-16,"Linosiphon galiophagum",4,"Linosiphon",2009,6
"0074R",2009-06-16,"Metopolophium dirhodum",2,"Metopolophium",2009,6
"0075R",2009-06-18,"Brachycaudus helichrysi",4,"Brachycaudus",2009,6
"0075R",2009-06-18,"Drepanosiphum platanoidis",6,"Drepanosiphum",2009,6
"0075R",2009-06-18,"Elatobium abietinum",4,"Elatobium",2009,6
"0075R",2009-06-18,"Utamphorophora humboldti",4,"Utamphorophora",2009,6
"0078R",2009-07-20,"Drepanosiphum platanoidis",10,"Drepanosiphum",2009,7
"0078R",2009-07-20,"Euceraphis punctipennis",2,"Euceraphis",2009,7
"0078R",2009-07-20,"Rhopalosiphum oxyacanthae",16,"Rhopalosiphum",2009,7
"0078R",2009-07-20,"Rhopalosiphum padi",4,"Rhopalosiphum",2009,7
"0078R",2009-07-20,"Sitobion avenae",2,"Sitobion",2009,7
"00810R",2010-07-16,"Acyrthosiphon pisum",2,"Acyrthosiphon",2010,7
"00810R",2010-07-16,"Aphis spp",2,"Aphis",2010,7
"00810R",2010-07-16,"Capitophorus hippophaes",2,"Capitophorus",2010,7
"00810R",2010-07-16,"Euceraphis punctipennis",2,"Euceraphis",2010,7
"00810R",2010-07-16,"Metopolophium dirhodum",6,"Metopolophium",2010,7
"00810R",2010-07-16,"Rhopalosiphum oxyacanthae",4,"Rhopalosiphum",2010,7
"00810R",2010-07-16,"Rhopalosiphum padi",4,"Rhopalosiphum",2010,7
"00812R",2010-08-01,"Acyrthosiphon pisum",2,"Acyrthosiphon",2010,8
"00812R",2010-08-01,"Aphis fabae gp.",6,"Aphis",2010,8
"00812R",2010-08-01,"Aphis spp",6,"Aphis",2010,8
"00812R",2010-08-01,"Capitophorus hippophaes",4,"Capitophorus",2010,8
"00812R",2010-08-01,"Capitophorus similis",2,"Capitophorus",2010,8
"00812R",2010-08-01,"Cavariella pastinacae",4,"Cavariella",2010,8
"00812R",2010-08-01,"Drepanosiphum platanoidis",2,"Drepanosiphum",2010,8
"00812R",2010-08-01,"Macrosiphum euphorbiae",2,"Macrosiphum",2010,8
"00812R",2010-08-01,"Metopolophium dirhodum",32,"Metopolophium",2010,8
"00812R",2010-08-01,"Metopolophium festucae",2,"Metopolophium",2010,8
"00812R",2010-08-01,"Rhopalosiphum oxyacanthae",6,"Rhopalosiphum",2010,8
"00812R",2010-08-01,"Rhopalosiphum padi",14,"Rhopalosiphum",2010,8
"00812R",2010-08-01,"Sitobion avenae",8,"Sitobion",2010,8
"00812R",2010-08-01,"Sitobion fragariae",2,"Sitobion",2010,8
"00812R",2010-08-01,"Tuberculatus annulatus",2,"Tuberculatus",2010,8
"00815R",2010-08-23,"Drepanosiphum platanoidis",6,"Drepanosiphum",2010,8
"00815R",2010-08-23,"Rhopalosiphum oxyacanthae",4,"Rhopalosiphum",2010,8
"00815R",2010-08-23,"Rhopalosiphum padi",6,"Rhopalosiphum",2010,8
"00817R",2010-09-09,"Cavariella aegopodii",2,"Cavariella",2010,9
"00817R",2010-09-09,"Eriosoma patchiae",2,"Eriosoma",2010,9
"00817R",2010-09-09,"Rhopalosiphum oxyacanthae",2,"Rhopalosiphum",2010,9
"00817R",2010-09-09,"Rhopalosiphum padi",8,"Rhopalosiphum",2010,9
"00817R",2010-09-09,"Sitobion avenae",2,"Sitobion",2010,9
"0081R",2010-05-15,"Drepanosiphum platanoidis",9,"Drepanosiphum",2010,5
"0081R",2010-05-15,"Euceraphis punctipennis",17,"Euceraphis",2010,5
"00820R",2010-09-25,"Rhopalosiphum oxyacanthae",12,"Rhopalosiphum",2010,9
"00820R",2010-09-25,"Rhopalosiphum padi",12,"Rhopalosiphum",2010,9
"00822R",2010-10-08,"Rhopalosiphum oxyacanthae",4,"Rhopalosiphum",2010,10
"00822R",2010-10-08,"Rhopalosiphum padi",24,"Rhopalosiphum",2010,10
"00825R",2010-10-31,"Drepanosiphum platanoidis",2,"Drepanosiphum",2010,10
"00825R",2010-10-31,"Rhopalosiphum oxyacanthae",6,"Rhopalosiphum",2010,10
"00825R",2010-10-31,"Rhopalosiphum padi",2,"Rhopalosiphum",2010,10
"0082R",2010-05-27,"Betulaphis quadrituberculata",1,"Betulaphis",2010,5
"0082R",2010-05-27,"Drepanosiphum platanoidis",33,"Drepanosiphum",2010,5
"0082R",2010-05-27,"Elatobium abietinum",2,"Elatobium",2010,5
"0082R",2010-05-27,"Myzocallis castanicola",1,"Myzocallis",2010,5
"0082R",2010-05-27,"Rhopalosiphum oxyacanthae",2,"Rhopalosiphum",2010,5
"0085R",2010-06-16,"Aphis spp",1,"Aphis",2010,6
"0085R",2010-06-16,"Cavariella aegopodii",1,"Cavariella",2010,6
"0085R",2010-06-16,"Cavariella archangelicae",2,"Cavariella",2010,6
"0085R",2010-06-16,"Drepanosiphum platanoidis",65,"Drepanosiphum",2010,6
"0085R",2010-06-16,"Elatobium abietinum",1,"Elatobium",2010,6
"0085R",2010-06-16,"Euceraphis punctipennis",5,"Euceraphis",2010,6
"0085R",2010-06-16,"Mindarus abietinus",1,"Mindarus",2010,6
"0085R",2010-06-16,"Myzocallis castanicola",1,"Myzocallis",2010,6
"0085R",2010-06-16,"Phyllaphis fagi",6,"Phyllaphis",2010,6
"0085R",2010-06-16,"Tuberculatus borealis",1,"Tuberculatus",2010,6
"0086R",2010-06-23,"Aphis spp",1,"Aphis",2010,6
"0086R",2010-06-23,"Calaphis flava",2,"Calaphis",2010,6
"0086R",2010-06-23,"Diuraphis spp",1,"Diuraphis",2010,6
"0086R",2010-06-23,"Drepanosiphum platanoidis",9,"Drepanosiphum",2010,6
"0086R",2010-06-23,"Euceraphis punctipennis",2,"Euceraphis",2010,6
"0086R",2010-06-23,"Metopolophium dirhodum",1,"Metopolophium",2010,6
"0086R",2010-06-23,"Mindarus abietinus",2,"Mindarus",2010,6
"0086R",2010-06-23,"Phyllaphis fagi",3,"Phyllaphis",2010,6
"0086R",2010-06-23,"Pterocallis alni",1,"Pterocallis",2010,6
"0086R",2010-06-23,"Rhopalosiphum oxyacanthae",1,"Rhopalosiphum",2010,6
"0086R",2010-06-23,"Sipha glyceriae",2,"Sipha",2010,6
"0086R",2010-06-23,"Tuberculatus borealis",1,"Tuberculatus",2010,6
"0089R",2010-07-12,"Capitophorus hippophaes",2,"Capitophorus",2010,7
"0089R",2010-07-12,"Cryptomyzus galeopsidis",2,"Cryptomyzus",2010,7
"0089R",2010-07-12,"Euceraphis punctipennis",6,"Euceraphis",2010,7
"0089R",2010-07-12,"Metopolophium dirhodum",12,"Metopolophium",2010,7
"0089R",2010-07-12,"Phyllaphis fagi",2,"Phyllaphis",2010,7
"0089R",2010-07-12,"Rhopalosiphum oxyacanthae",6,"Rhopalosiphum",2010,7
"0089R",2010-07-12,"Rhopalosiphum padi",6,"Rhopalosiphum",2010,7
"0089R",2010-07-12,"Sitobion avenae",8,"Sitobion",2010,7
"00910R",2011-07-14,"Acyrthosiphon pisum",1,"Acyrthosiphon",2011,7
"00910R",2011-07-14,"Brachycaudus helichrysi",3,"Brachycaudus",2011,7
"00910R",2011-07-14,"Capitophorus elaeagni",1,"Capitophorus",2011,7
"00910R",2011-07-14,"Cavariella aegopodii",2,"Cavariella",2011,7
"00910R",2011-07-14,"Hyperomyzus lactucae",1,"Hyperomyzus",2011,7
"00910R",2011-07-14,"Illinoia spp",1,"Illinoia",2011,7
"00910R",2011-07-14,"Macrosiphum euphorbiae",3,"Macrosiphum",2011,7
"00910R",2011-07-14,"Megoura viciae",1,"Megoura",2011,7
"00910R",2011-07-14,"Metopolophium dirhodum",24,"Metopolophium",2011,7
"00910R",2011-07-14,"Microlophium carnosum",2,"Microlophium",2011,7
"00910R",2011-07-14,"Myzus cerasi",2,"Myzus",2011,7
"00910R",2011-07-14,"Ovatus crataegarius",1,"Ovatus",2011,7
"00910R",2011-07-14,"Phyllaphis fagi",3,"Phyllaphis",2011,7
"00910R",2011-07-14,"Rhopalosiphum maidis",1,"Rhopalosiphum",2011,7
"00910R",2011-07-14,"Rhopalosiphum oxyacanthae",3,"Rhopalosiphum",2011,7
"00910R",2011-07-14,"Rhopalosiphum padi",13,"Rhopalosiphum",2011,7
"00910R",2011-07-14,"Rhopalosiphum spp",1,"Rhopalosiphum",2011,7
"00910R",2011-07-14,"Sitobion avenae",11,"Sitobion",2011,7
"00910R",2011-07-14,"Sitobion fragariae",2,"Sitobion",2011,7
"00912R",2011-07-24,"Acyrthosiphon pisum",1,"Acyrthosiphon",2011,7
"00912R",2011-07-24,"Aphis sambuci",1,"Aphis",2011,7
"00912R",2011-07-24,"Aphis spp",5,"Aphis",2011,7
"00912R",2011-07-24,"Brachycaudus helichrysi",1,"Brachycaudus",2011,7
"00912R",2011-07-24,"Capitophorus hippophaes",1,"Capitophorus",2011,7
"00912R",2011-07-24,"Drepanosiphum platanoidis",1,"Drepanosiphum",2011,7
"00912R",2011-07-24,"Hyperomyzus rhinanthi",1,"Hyperomyzus",2011,7
"00912R",2011-07-24,"Lipaphis erysimi",1,"Lipaphis",2011,7
"00912R",2011-07-24,"Metopolophium dirhodum",22,"Metopolophium",2011,7
"00912R",2011-07-24,"Myzus cerasi",2,"Myzus",2011,7
"00912R",2011-07-24,"Pemphigus spp",1,"Pemphigus",2011,7
"00912R",2011-07-24,"Pterocomma pilosum",1,"Pterocomma",2011,7
"00912R",2011-07-24,"Rhopalosiphum padi",9,"Rhopalosiphum",2011,7
"00912R",2011-07-24,"Sitobion avenae",12,"Sitobion",2011,7
"00912R",2011-07-24,"Sitobion fragariae",1,"Sitobion",2011,7
"00912R",2011-07-24,"Tuberculatus annulatus",3,"Tuberculatus",2011,7
"00912R",2011-07-24,"Tuberculatus borealis",1,"Tuberculatus",2011,7
"00914R",2011-08-12,"Cinara spp",2,"Cinara",2011,8
"00914R",2011-08-12,"Drepanosiphum platanoidis",8,"Drepanosiphum",2011,8
"00914R",2011-08-12,"Rhopalosiphum oxyacanthae",2,"Rhopalosiphum",2011,8
"00914R",2011-08-12,"Rhopalosiphum padi",2,"Rhopalosiphum",2011,8
"00916R",2011-08-23,"Drepanosiphum platanoidis",10,"Drepanosiphum",2011,8
"00916R",2011-08-23,"Rhopalosiphum padi",6,"Rhopalosiphum",2011,8
"00916R",2011-08-23,"Sitobion avenae",2,"Sitobion",2011,8
"00916R",2011-08-23,"Thecabius affinis",2,"Thecabius",2011,8
"00916R",2011-08-23,"Tuberculatus annulatus",4,"Tuberculatus",2011,8
"00916R",2011-08-23,"Tuberculatus borealis",2,"Tuberculatus",2011,8
"00919R",2011-09-16,"Rhopalosiphum oxyacanthae",4,"Rhopalosiphum",2011,9
"00919R",2011-09-16,"Rhopalosiphum padi",16,"Rhopalosiphum",2011,9
"00919R",2011-09-16,"Tuberculatus annulatus",2,"Tuberculatus",2011,9
"00921R",2011-09-25,"Anoecia corni",2,"Anoecia",2011,9
"00921R",2011-09-25,"Pemphigus spp",8,"Pemphigus",2011,9
"00921R",2011-09-25,"Rhopalosiphum oxyacanthae",30,"Rhopalosiphum",2011,9
"00921R",2011-09-25,"Rhopalosiphum padi",28,"Rhopalosiphum",2011,9
"00921R",2011-09-25,"Thecabius affinis",4,"Thecabius",2011,9
"00923R",2011-10-14,"Anoecia corni",2,"Anoecia",2011,10
"00923R",2011-10-14,"Cavariella aegopodii",4,"Cavariella",2011,10
"00923R",2011-10-14,"Ceruraphis eriophori",4,"Ceruraphis",2011,10
"00923R",2011-10-14,"Mimeuria ulmiphila",2,"Mimeuria",2011,10
"00923R",2011-10-14,"Pemphigus spp",4,"Pemphigus",2011,10
"00923R",2011-10-14,"Rhopalosiphum oxyacanthae",34,"Rhopalosiphum",2011,10
"00923R",2011-10-14,"Rhopalosiphum padi",24,"Rhopalosiphum",2011,10
"00923R",2011-10-14,"Tetraneura ulmi",2,"Tetraneura",2011,10
"00923R",2011-10-14,"Thecabius affinis",2,"Thecabius",2011,10
"00924R",2011-10-16,"Anoecia corni",4,"Anoecia",2011,10
"00924R",2011-10-16,"Myzus lythri",2,"Myzus",2011,10
"00924R",2011-10-16,"Pemphigus spp",2,"Pemphigus",2011,10
"00924R",2011-10-16,"Prociphilus pini",2,"Prociphilus",2011,10
"00924R",2011-10-16,"Rhopalosiphum oxyacanthae",44,"Rhopalosiphum",2011,10
"00924R",2011-10-16,"Rhopalosiphum padi",44,"Rhopalosiphum",2011,10
"00924R",2011-10-16,"Sitobion fragariae",2,"Sitobion",2011,10
"0093R",2011-05-15,"Drepanosiphum platanoidis",2,"Drepanosiphum",2011,5
"0093R",2011-05-15,"Elatobium abietinum",2,"Elatobium",2011,5
"0093R",2011-05-15,"Myzocallis spp",1,"Myzocallis",2011,5
"0093R",2011-05-15,"Rhopalosiphum padi",1,"Rhopalosiphum",2011,5
"0095R",2011-05-28,"Drepanosiphum platanoidis",56,"Drepanosiphum",2011,5
"0095R",2011-05-28,"Elatobium abietinum",29,"Elatobium",2011,5
"0095R",2011-05-28,"Tuberculatus annulatus",1,"Tuberculatus",2011,5
"0097R",2011-06-16,"Aphis spp",3,"Aphis",2011,6
"0097R",2011-06-16,"Aulacorthum palustre",1,"Aulacorthum",2011,6
"0097R",2011-06-16,"Drepanosiphum platanoidis",4,"Drepanosiphum",2011,6
"0097R",2011-06-16,"Elatobium abietinum",3,"Elatobium",2011,6
"0097R",2011-06-16,"Metopolophium dirhodum",1,"Metopolophium",2011,6
"0097R",2011-06-16,"Microlophium carnosum",3,"Microlophium",2011,6
"0097R",2011-06-16,"Rhopalosiphum padi",7,"Rhopalosiphum",2011,6
"0099R",2011-06-26,"Aphis spp",4,"Aphis",2011,6
"0099R",2011-06-26,"Brachycaudus helichrysi",2,"Brachycaudus",2011,6
"0099R",2011-06-26,"Cavariella aegopodii",6,"Cavariella",2011,6
"0099R",2011-06-26,"Drepanosiphum platanoidis",4,"Drepanosiphum",2011,6
"0099R",2011-06-26,"Metopolophium dirhodum",16,"Metopolophium",2011,6
"0099R",2011-06-26,"Microlophium carnosum",18,"Microlophium",2011,6
"0099R",2011-06-26,"Phyllaphis fagi",6,"Phyllaphis",2011,6
"0099R",2011-06-26,"Rhopalosiphum maidis",4,"Rhopalosiphum",2011,6
"0099R",2011-06-26,"Rhopalosiphum padi",30,"Rhopalosiphum",2011,6
"0099R",2011-06-26,"Sitobion alopecuri",2,"Sitobion",2011,6
"00EE8R",2015-08-23,"Anoecia corni",2,"Anoecia",2015,8
"00EE8R",2015-08-23,"Aphis fabae gp.",5,"Aphis",2015,8
"00EE8R",2015-08-23,"Aphis sambuci",3,"Aphis",2015,8
"00EE8R",2015-08-23,"Brachycaudus helichrysi",2,"Brachycaudus",2015,8
"00EE8R",2015-08-23,"Capitophorus elaeagni",1,"Capitophorus",2015,8
"00EE8R",2015-08-23,"Drepanosiphum platanoidis",3,"Drepanosiphum",2015,8
"00EE8R",2015-08-23,"Hyadaphis foeniculi",1,"Hyadaphis",2015,8
"00EE8R",2015-08-23,"Hyalopterus pruni",2,"Hyalopterus",2015,8
"00EE8R",2015-08-23,"Rhopalosiphum oxyacanthae",5,"Rhopalosiphum",2015,8
"00EE8R",2015-08-23,"Rhopalosiphum padi",2,"Rhopalosiphum",2015,8
"00EE8R",2015-08-23,"Sitobion avenae",4,"Sitobion",2015,8
"00EE8R",2015-08-23,"Thecabius affinis",2,"Thecabius",2015,8
"00EE8R",2015-08-23,"Tuberculatus annulatus",9,"Tuberculatus",2015,8
"00EE8R",2015-08-23,"Tuberculatus borealis",4,"Tuberculatus",2015,8
"00EE8R",2015-08-23,"Utamphorophora humboldti",1,"Utamphorophora",2015,8
"01011R",2012-08-03,"Drepanosiphum platanoidis",2,"Drepanosiphum",2012,8
"01011R",2012-08-03,"Myzocallis castanicola",1,"Myzocallis",2012,8
"01011R",2012-08-03,"Myzus persicae",1,"Myzus",2012,8
"01011R",2012-08-03,"Myzus cerasi",1,"Myzus",2012,8
"01011R",2012-08-03,"Rhopalosiphum oxyacanthae",2,"Rhopalosiphum",2012,8
"01011R",2012-08-03,"Rhopalosiphum padi",28,"Rhopalosiphum",2012,8
"01011R",2012-08-03,"Sitobion avenae",5,"Sitobion",2012,8
"01011R",2012-08-03,"Sitobion fragariae",1,"Sitobion",2012,8
"01011R",2012-08-03,"Tuberculatus annulatus",1,"Tuberculatus",2012,8
"01014R",2012-08-24,"Rhopalosiphum oxyacanthae",2,"Rhopalosiphum",2012,8
"01014R",2012-08-24,"Rhopalosiphum padi",17,"Rhopalosiphum",2012,8
"01014R",2012-08-24,"Tuberculatus borealis",1,"Tuberculatus",2012,8
"01018R",2012-09-20,"Rhopalosiphum oxyacanthae",5,"Rhopalosiphum",2012,9
"01018R",2012-09-20,"Rhopalosiphum padi",33,"Rhopalosiphum",2012,9
"01018R",2012-09-20,"Rhopalosiphum spp",9,"Rhopalosiphum",2012,9
"01018R",2012-09-20,"Thecabius affinis",1,"Thecabius",2012,9
"01019R",2012-09-24,"Aphis fabae gp.",1,"Aphis",2012,9
"01019R",2012-09-24,"Eriosoma patchiae",1,"Eriosoma",2012,9
"01019R",2012-09-24,"Rhopalosiphum oxyacanthae",9,"Rhopalosiphum",2012,9
"01019R",2012-09-24,"Rhopalosiphum padi",9,"Rhopalosiphum",2012,9
"0101R",2012-05-24,"Betulaphis quadrituberculata",1,"Betulaphis",2012,5
"0101R",2012-05-24,"Drepanosiphum platanoidis",9,"Drepanosiphum",2012,5
"0101R",2012-05-24,"Elatobium abietinum",52,"Elatobium",2012,5
"0101R",2012-05-24,"Euceraphis punctipennis",2,"Euceraphis",2012,5
"0101R",2012-05-24,"Macrosiphum euphorbiae",3,"Macrosiphum",2012,5
"0101R",2012-05-24,"Macrosiphum gei",1,"Macrosiphum",2012,5
"0101R",2012-05-24,"Metopolophium festucae",6,"Metopolophium",2012,5
"0101R",2012-05-24,"Myzus ascalonicus",1,"Myzus",2012,5
"0101R",2012-05-24,"Rhopalosiphum padi",3,"Rhopalosiphum",2012,5
"0101R",2012-05-24,"Utamphorophora humboldti",1,"Utamphorophora",2012,5
"01020R",2012-10-03,"Ceruraphis eriophori",1,"Ceruraphis",2012,10
"01020R",2012-10-03,"Rhopalosiphum oxyacanthae",19,"Rhopalosiphum",2012,10
"01020R",2012-10-03,"Rhopalosiphum padi",13,"Rhopalosiphum",2012,10
"01020R",2012-10-03,"Sitobion fragariae",1,"Sitobion",2012,10
"01022R",2012-10-16,"Ceruraphis eriophori",1,"Ceruraphis",2012,10
"01022R",2012-10-16,"Euceraphis punctipennis",1,"Euceraphis",2012,10
"01022R",2012-10-16,"Pemphigus spp",3,"Pemphigus",2012,10
"01022R",2012-10-16,"Rhopalosiphum oxyacanthae",18,"Rhopalosiphum",2012,10
"01022R",2012-10-16,"Rhopalosiphum padi",31,"Rhopalosiphum",2012,10
"01022R",2012-10-16,"Rhopalosiphum spp",5,"Rhopalosiphum",2012,10
"0102R",2012-05-28,"Brachycaudus helichrysi",4,"Brachycaudus",2012,5
"0102R",2012-05-28,"Drepanosiphum platanoidis",2,"Drepanosiphum",2012,5
"0102R",2012-05-28,"Elatobium abietinum",36,"Elatobium",2012,5
"0102R",2012-05-28,"Jacksonia papillata",1,"Jacksonia",2012,5
"0102R",2012-05-28,"Macrosiphum euphorbiae",3,"Macrosiphum",2012,5
"0102R",2012-05-28,"Microlophium carnosum",1,"Microlophium",2012,5
"0102R",2012-05-28,"Rhopalosiphum oxyacanthae",2,"Rhopalosiphum",2012,5
"0105R",2012-06-18,"Cavariella aegopodii",10,"Cavariella",2012,6
"0105R",2012-06-18,"Cavariella pastinacae",1,"Cavariella",2012,6
"0105R",2012-06-18,"Cavariella theobaldi",1,"Cavariella",2012,6
"0105R",2012-06-18,"Drepanosiphum platanoidis",8,"Drepanosiphum",2012,6
"0105R",2012-06-18,"Elatobium abietinum",21,"Elatobium",2012,6
"0105R",2012-06-18,"Euceraphis punctipennis",7,"Euceraphis",2012,6
"0105R",2012-06-18,"Metopolophium festucae",1,"Metopolophium",2012,6
"0105R",2012-06-18,"Microlophium carnosum",1,"Microlophium",2012,6
"0105R",2012-06-18,"Myzus cerasi",1,"Myzus",2012,6
"0105R",2012-06-18,"Phyllaphis fagi",2,"Phyllaphis",2012,6
"0105R",2012-06-18,"Rhopalosiphum padi",8,"Rhopalosiphum",2012,6
"0106R",2012-06-24,"Amphorophora rubi idaei",1,"Amphorophora",2012,6
"0106R",2012-06-24,"Betulaphis quadrituberculata",2,"Betulaphis",2012,6
"0106R",2012-06-24,"Capitophorus hippophaes",1,"Capitophorus",2012,6
"0106R",2012-06-24,"Capitophorus similis",1,"Capitophorus",2012,6
"0106R",2012-06-24,"Cavariella aegopodii",6,"Cavariella",2012,6
"0106R",2012-06-24,"Cavariella pastinacae",1,"Cavariella",2012,6
"0106R",2012-06-24,"Drepanosiphum platanoidis",3,"Drepanosiphum",2012,6
"0106R",2012-06-24,"Elatobium abietinum",3,"Elatobium",2012,6
"0106R",2012-06-24,"Euceraphis punctipennis",6,"Euceraphis",2012,6
"0106R",2012-06-24,"Hyalopterus pruni",1,"Hyalopterus",2012,6
"0106R",2012-06-24,"Myzus cerasi",3,"Myzus",2012,6
"0106R",2012-06-24,"Rhopalosiphum padi",10,"Rhopalosiphum",2012,6
"0106R",2012-06-24,"Tuberculatus annulatus",1,"Tuberculatus",2012,6
"0107R",2012-07-04,"Acyrthosiphon pisum",1,"Acyrthosiphon",2012,7
"0107R",2012-07-04,"Anoecia corni",1,"Anoecia",2012,7
"0107R",2012-07-04,"Aphis sambuci",1,"Aphis",2012,7
"0107R",2012-07-04,"Calaphis flava",1,"Calaphis",2012,7
"0107R",2012-07-04,"Cavariella aegopodii",1,"Cavariella",2012,7
"0107R",2012-07-04,"Cavariella theobaldi",1,"Cavariella",2012,7
"0107R",2012-07-04,"Drepanosiphum platanoidis",3,"Drepanosiphum",2012,7
"0107R",2012-07-04,"Euceraphis punctipennis",2,"Euceraphis",2012,7
"0107R",2012-07-04,"Hyalopterus pruni",1,"Hyalopterus",2012,7
"0107R",2012-07-04,"Myzocallis castanicola",9,"Myzocallis",2012,7
"0107R",2012-07-04,"Myzus cerasi",10,"Myzus",2012,7
"0107R",2012-07-04,"Rhopalosiphum maidis",1,"Rhopalosiphum",2012,7
"0107R",2012-07-04,"Rhopalosiphum padi",2,"Rhopalosiphum",2012,7
"0107R",2012-07-04,"Tuberculatus borealis",2,"Tuberculatus",2012,7
"0107R",2012-07-04,"Uroleucon spp",1,"Uroleucon",2012,7
"0109R",2012-07-18,"Euceraphis punctipennis",4,"Euceraphis",2012,7
"0109R",2012-07-18,"Metopolophium dirhodum",1,"Metopolophium",2012,7
"0109R",2012-07-18,"Myzus persicae",1,"Myzus",2012,7
"0109R",2012-07-18,"Rhopalosiphum padi",1,"Rhopalosiphum",2012,7
"0109R",2012-07-18,"Uroleucon spp",1,"Uroleucon",2012,7
"01110R",2013-08-01,"Brachycaudus helichrysi",1,"Brachycaudus",2013,8
"01110R",2013-08-01,"Capitophorus hippophaes",1,"Capitophorus",2013,8
"01110R",2013-08-01,"Cavariella pastinacae",1,"Cavariella",2013,8
"01110R",2013-08-01,"Macrosiphum euphorbiae",1,"Macrosiphum",2013,8
"01110R",2013-08-01,"Rhopalosiphoninus staphyleae",1,"Rhopalosiphoninus",2013,8
"01110R",2013-08-01,"Rhopalosiphum oxyacanthae",6,"Rhopalosiphum",2013,8
"01110R",2013-08-01,"Sitobion avenae",1,"Sitobion",2013,8
"01112R",2013-08-14,"Aphis fabae gp.",1,"Aphis",2013,8
"01112R",2013-08-14,"Aploneura lentisci",1,"Aploneura",2013,8
"01112R",2013-08-14,"Brachycaudus helichrysi",1,"Brachycaudus",2013,8
"01112R",2013-08-14,"Cavariella pastinacae",8,"Cavariella",2013,8
"01112R",2013-08-14,"Cavariella theobaldi",3,"Cavariella",2013,8
"01112R",2013-08-14,"Eulachnus spp",1,"Eulachnus",2013,8
"01112R",2013-08-14,"Hayhurstia atriplicis",1,"Hayhurstia",2013,8
"01112R",2013-08-14,"Hyadaphis foeniculi",1,"Hyadaphis",2013,8
"01112R",2013-08-14,"Hyalopterus pruni",1,"Hyalopterus",2013,8
"01112R",2013-08-14,"Myzus persicae",1,"Myzus",2013,8
"01112R",2013-08-14,"Rhopalosiphum oxyacanthae",33,"Rhopalosiphum",2013,8
"01112R",2013-08-14,"Rhopalosiphum padi",4,"Rhopalosiphum",2013,8
"01112R",2013-08-14,"Sitobion avenae",13,"Sitobion",2013,8
"01112R",2013-08-14,"Sitobion fragariae",1,"Sitobion",2013,8
"01117R",2013-09-18,"Capitophorus similis",1,"Capitophorus",2013,9
"01117R",2013-09-18,"Cavariella aegopodii",1,"Cavariella",2013,9
"01117R",2013-09-18,"Drepanosiphum platanoidis",1,"Drepanosiphum",2013,9
"01117R",2013-09-18,"Hyalopterus pruni",1,"Hyalopterus",2013,9
"01117R",2013-09-18,"Rhopalosiphum oxyacanthae",1,"Rhopalosiphum",2013,9
"01117R",2013-09-18,"Rhopalosiphum padi",6,"Rhopalosiphum",2013,9
"01117R",2013-09-18,"Thecabius affinis",1,"Thecabius",2013,9
"01118R",2013-09-29,"Anoecia corni",1,"Anoecia",2013,9
"01118R",2013-09-29,"Drepanosiphum platanoidis",1,"Drepanosiphum",2013,9
"01118R",2013-09-29,"Eriosoma patchiae",1,"Eriosoma",2013,9
"01118R",2013-09-29,"Rhopalosiphum oxyacanthae",10,"Rhopalosiphum",2013,9
"01118R",2013-09-29,"Rhopalosiphum padi",6,"Rhopalosiphum",2013,9
"01118R",2013-09-29,"Thecabius affinis",1,"Thecabius",2013,9
"01119R",2013-10-03,"Drepanosiphum platanoidis",1,"Drepanosiphum",2013,10
"01119R",2013-10-03,"Rhopalosiphum oxyacanthae",3,"Rhopalosiphum",2013,10
"01119R",2013-10-03,"Rhopalosiphum padi",3,"Rhopalosiphum",2013,10
"01123R",2013-10-29,"Drepanosiphum platanoidis",1,"Drepanosiphum",2013,10
"01123R",2013-10-29,"Rhopalosiphum oxyacanthae",9,"Rhopalosiphum",2013,10
"0112R",2013-06-06,"Drepanosiphum platanoidis",4,"Drepanosiphum",2013,6
"0112R",2013-06-06,"Elatobium abietinum",9,"Elatobium",2013,6
"0112R",2013-06-06,"Metopolophium festucae",1,"Metopolophium",2013,6
"0112R",2013-06-06,"Microlophium carnosum",1,"Microlophium",2013,6
"0112R",2013-06-06,"Phyllaphis fagi",1,"Phyllaphis",2013,6
"0114R",2013-06-19,"Brachycaudus helichrysi",4,"Brachycaudus",2013,6
"0114R",2013-06-19,"Capitophorus hippophaes",1,"Capitophorus",2013,6
"0114R",2013-06-19,"Drepanosiphum platanoidis",1,"Drepanosiphum",2013,6
"0114R",2013-06-19,"Elatobium abietinum",16,"Elatobium",2013,6
"0114R",2013-06-19,"Macrosiphum euphorbiae",1,"Macrosiphum",2013,6
"0114R",2013-06-19,"Metopolophium albidum",1,"Metopolophium",2013,6
"0114R",2013-06-19,"Microlophium carnosum",1,"Microlophium",2013,6
"0114R",2013-06-19,"Myzocallis castanicola",1,"Myzocallis",2013,6
"0114R",2013-06-19,"Rhopalosiphum oxyacanthae",1,"Rhopalosiphum",2013,6
"0118R",2013-07-22,"Acyrthosiphon malvae",1,"Acyrthosiphon",2013,7
"0118R",2013-07-22,"Acyrthosiphon pisum",1,"Acyrthosiphon",2013,7
"0118R",2013-07-22,"Aphis spp",1,"Aphis",2013,7
"0118R",2013-07-22,"Brachycaudus helichrysi",3,"Brachycaudus",2013,7
"0118R",2013-07-22,"Capitophorus hippophaes",1,"Capitophorus",2013,7
"0118R",2013-07-22,"Cavariella aegopodii",2,"Cavariella",2013,7
"0118R",2013-07-22,"Cavariella pastinacae",1,"Cavariella",2013,7
"0118R",2013-07-22,"Cavariella theobaldi",1,"Cavariella",2013,7
"0118R",2013-07-22,"Eulachnus spp",1,"Eulachnus",2013,7
"0118R",2013-07-22,"Macrosiphum euphorbiae",1,"Macrosiphum",2013,7
"0118R",2013-07-22,"Metopolophium dirhodum",2,"Metopolophium",2013,7
"0118R",2013-07-22,"Myzus persicae",2,"Myzus",2013,7
"0118R",2013-07-22,"Phyllaphis fagi",1,"Phyllaphis",2013,7
"0118R",2013-07-22,"Rhopalosiphum oxyacanthae",31,"Rhopalosiphum",2013,7
"0118R",2013-07-22,"Rhopalosiphum padi",3,"Rhopalosiphum",2013,7
"0118R",2013-07-22,"Rhopalosiphum spp",1,"Rhopalosiphum",2013,7
"0118R",2013-07-22,"Sipha glyceriae",1,"Sipha",2013,7
"0118R",2013-07-22,"Sitobion avenae",16,"Sitobion",2013,7
"0118R",2013-07-22,"Utamphorophora humboldti",2,"Utamphorophora",2013,7
"0119R",2013-07-28,"Acyrthosiphon pisum",1,"Acyrthosiphon",2013,7
"0119R",2013-07-28,"Aphis spp",2,"Aphis",2013,7
"0119R",2013-07-28,"Brachycaudus cardui",1,"Brachycaudus",2013,7
"0119R",2013-07-28,"Brachycaudus helichrysi",6,"Brachycaudus",2013,7
"0119R",2013-07-28,"Cavariella theobaldi",2,"Cavariella",2013,7
"0119R",2013-07-28,"Cinara spp",1,"Cinara",2013,7
"0119R",2013-07-28,"Hyperomyzus lactucae",1,"Hyperomyzus",2013,7
"0119R",2013-07-28,"Macrosiphum euphorbiae",2,"Macrosiphum",2013,7
"0119R",2013-07-28,"Metopolophium dirhodum",2,"Metopolophium",2013,7
"0119R",2013-07-28,"Microlophium carnosum",2,"Microlophium",2013,7
"0119R",2013-07-28,"Rhopalosiphum oxyacanthae",17,"Rhopalosiphum",2013,7
"0119R",2013-07-28,"Rhopalosiphum padi",3,"Rhopalosiphum",2013,7
"0119R",2013-07-28,"Rhopalosiphum spp",3,"Rhopalosiphum",2013,7
"0119R",2013-07-28,"Sitobion avenae",12,"Sitobion",2013,7
"0119R",2013-07-28,"Sitobion fragariae",1,"Sitobion",2013,7
"01211R",2014-07-22,"Aphis fabae gp.",1,"Aphis",2014,7
"01211R",2014-07-22,"Euceraphis punctipennis",2,"Euceraphis",2014,7
"01211R",2014-07-22,"Macrosiphum euphorbiae",1,"Macrosiphum",2014,7
"01211R",2014-07-22,"Metopolophium dirhodum",2,"Metopolophium",2014,7
"01211R",2014-07-22,"Myzus cerasi",2,"Myzus",2014,7
"01211R",2014-07-22,"Rhopalosiphum oxyacanthae",23,"Rhopalosiphum",2014,7
"01211R",2014-07-22,"Rhopalosiphum padi",9,"Rhopalosiphum",2014,7
"01211R",2014-07-22,"Sitobion avenae",8,"Sitobion",2014,7
"01211R",2014-07-22,"Sitobion fragariae",3,"Sitobion",2014,7
"01211R",2014-07-22,"Tuberculatus annulatus",2,"Tuberculatus",2014,7
"01211R",2014-07-22,"Utamphorophora humboldti",1,"Utamphorophora",2014,7
"01215R",2014-08-19,"Anoecia corni",3,"Anoecia",2014,8
"01215R",2014-08-19,"Drepanosiphum platanoidis",6,"Drepanosiphum",2014,8
"01215R",2014-08-19,"Metopolophium festucae",1,"Metopolophium",2014,8
"01215R",2014-08-19,"Pemphigus spp",1,"Pemphigus",2014,8
"01215R",2014-08-19,"Rhopalosiphum oxyacanthae",5,"Rhopalosiphum",2014,8
"01215R",2014-08-19,"Rhopalosiphum padi",3,"Rhopalosiphum",2014,8
"01216R",2014-08-20,"Drepanosiphum platanoidis",2,"Drepanosiphum",2014,8
"01216R",2014-08-20,"Rhopalosiphum oxyacanthae",2,"Rhopalosiphum",2014,8
"01216R",2014-08-20,"Rhopalosiphum padi",2,"Rhopalosiphum",2014,8
"01216R",2014-08-20,"Rhopalosiphum spp",1,"Rhopalosiphum",2014,8
"01216R",2014-08-20,"Tuberculatus borealis",1,"Tuberculatus",2014,8
"01218R",2014-10-06,"Rhopalosiphum oxyacanthae",2,"Rhopalosiphum",2014,10
"01218R",2014-10-06,"Rhopalosiphum padi",9,"Rhopalosiphum",2014,10
"01220R",2014-10-31,"Cavariella aegopodii",1,"Cavariella",2014,10
"01220R",2014-10-31,"Pemphigus spp",2,"Pemphigus",2014,10
"01220R",2014-10-31,"Rhopalosiphum oxyacanthae",18,"Rhopalosiphum",2014,10
"01220R",2014-10-31,"Rhopalosiphum padi",18,"Rhopalosiphum",2014,10
"01220R",2014-10-31,"Sitobion fragariae",1,"Sitobion",2014,10
"01220R",2014-10-31,"Tuberculatus annulatus",2,"Tuberculatus",2014,10
"0122R",2014-05-17,"Brachycaudus helichrysi",7,"Brachycaudus",2014,5
"0122R",2014-05-17,"Cavariella aegopodii",9,"Cavariella",2014,5
"0122R",2014-05-17,"Drepanosiphum platanoidis",17,"Drepanosiphum",2014,5
"0122R",2014-05-17,"Elatobium abietinum",5,"Elatobium",2014,5
"0122R",2014-05-17,"Euceraphis punctipennis",1,"Euceraphis",2014,5
"0122R",2014-05-17,"Macrosiphum gei",1,"Macrosiphum",2014,5
"0122R",2014-05-17,"Metopolophium festucae",2,"Metopolophium",2014,5
"0122R",2014-05-17,"Myzus ascalonicus",1,"Myzus",2014,5
"0122R",2014-05-17,"Rhopalosiphum oxyacanthae",7,"Rhopalosiphum",2014,5
"0122R",2014-05-17,"Rhopalosiphum spp",2,"Rhopalosiphum",2014,5
"0122R",2014-05-17,"Utamphorophora humboldti",1,"Utamphorophora",2014,5
"0123R",2014-05-23,"Aphis spp",1,"Aphis",2014,5
"0123R",2014-05-23,"Brachycaudus helichrysi",6,"Brachycaudus",2014,5
"0123R",2014-05-23,"Cavariella aegopodii",1,"Cavariella",2014,5
"0123R",2014-05-23,"Drepanosiphum platanoidis",25,"Drepanosiphum",2014,5
"0123R",2014-05-23,"Elatobium abietinum",11,"Elatobium",2014,5
"0123R",2014-05-23,"Euceraphis punctipennis",2,"Euceraphis",2014,5
"0123R",2014-05-23,"Rhopalosiphum oxyacanthae",1,"Rhopalosiphum",2014,5
"0123R",2014-05-23,"Sitobion fragariae",1,"Sitobion",2014,5
"0126R",2014-06-16,"Acyrthosiphon pisum",1,"Acyrthosiphon",2014,6
"0126R",2014-06-16,"Drepanosiphum platanoidis",45,"Drepanosiphum",2014,6
"0126R",2014-06-16,"Euceraphis punctipennis",2,"Euceraphis",2014,6
"0126R",2014-06-16,"Phyllaphis fagi",2,"Phyllaphis",2014,6
"0126R",2014-06-16,"Pterocomma salicis",1,"Pterocomma",2014,6
"0126R",2014-06-16,"Rhopalosiphum padi",1,"Rhopalosiphum",2014,6
"0127R",2014-06-18,"Brachycaudus helichrysi",1,"Brachycaudus",2014,6
"0127R",2014-06-18,"Cavariella aegopodii",1,"Cavariella",2014,6
"0127R",2014-06-18,"Drepanosiphum platanoidis",50,"Drepanosiphum",2014,6
"0127R",2014-06-18,"Euceraphis punctipennis",2,"Euceraphis",2014,6
"0127R",2014-06-18,"Myzocallis castanicola",1,"Myzocallis",2014,6
"0127R",2014-06-18,"Myzus persicae",1,"Myzus",2014,6
"0127R",2014-06-18,"Phyllaphis fagi",1,"Phyllaphis",2014,6
"0129R",2014-07-07,"Acyrthosiphon pisum",2,"Acyrthosiphon",2014,7
"0129R",2014-07-07,"Brachycaudus helichrysi",1,"Brachycaudus",2014,7
"0129R",2014-07-07,"Cavariella aegopodii",1,"Cavariella",2014,7
"0129R",2014-07-07,"Drepanosiphum platanoidis",4,"Drepanosiphum",2014,7
"0129R",2014-07-07,"Euceraphis punctipennis",1,"Euceraphis",2014,7
"0129R",2014-07-07,"Hyperomyzus lactucae",1,"Hyperomyzus",2014,7
"0129R",2014-07-07,"Metopolophium dirhodum",1,"Metopolophium",2014,7
"0129R",2014-07-07,"Myzus cerasi",1,"Myzus",2014,7
"0129R",2014-07-07,"Rhopalosiphum oxyacanthae",5,"Rhopalosiphum",2014,7
"0129R",2014-07-07,"Sitobion fragariae",1,"Sitobion",2014,7
"0129R",2014-07-07,"Tuberculatus annulatus",2,"Tuberculatus",2014,7
"0129R",2014-07-07,"Utamphorophora humboldti",1,"Utamphorophora",2014,7
"01312R",2015-08-07,"Aphis fabae gp.",1,"Aphis",2015,8
"01312R",2015-08-07,"Aphis pomi",2,"Aphis",2015,8
"01312R",2015-08-07,"Cavariella theobaldi",1,"Cavariella",2015,8
"01312R",2015-08-07,"Drepanosiphum platanoidis",3,"Drepanosiphum",2015,8
"01312R",2015-08-07,"Rhopalosiphoninus staphyleae",1,"Rhopalosiphoninus",2015,8
"01312R",2015-08-07,"Sitobion avenae",1,"Sitobion",2015,8
"01312R",2015-08-07,"Sitobion fragariae",2,"Sitobion",2015,8
"01312R",2015-08-07,"Tuberculatus annulatus",1,"Tuberculatus",2015,8
"01317R",2015-09-16,"Aphis fabae gp.",3,"Aphis",2015,9
"01317R",2015-09-16,"Aphis spp",5,"Aphis",2015,9
"01317R",2015-09-16,"Brachycaudus helichrysi",2,"Brachycaudus",2015,9
"01317R",2015-09-16,"Capitophorus elaeagni",1,"Capitophorus",2015,9
"01317R",2015-09-16,"Cavariella konoi",3,"Cavariella",2015,9
"01317R",2015-09-16,"Ceruraphis eriophori",1,"Ceruraphis",2015,9
"01317R",2015-09-16,"Decorosiphon corynothrix",1,"Decorosiphon",2015,9
"01317R",2015-09-16,"Pemphigus spp",3,"Pemphigus",2015,9
"01317R",2015-09-16,"Rhopalosiphum oxyacanthae",3,"Rhopalosiphum",2015,9
"01317R",2015-09-16,"Rhopalosiphum padi",41,"Rhopalosiphum",2015,9
"01317R",2015-09-16,"Thecabius affinis",1,"Thecabius",2015,9
"01318R",2015-09-18,"Brachycaudus helichrysi",2,"Brachycaudus",2015,9
"01318R",2015-09-18,"Eriosoma patchiae",1,"Eriosoma",2015,9
"01318R",2015-09-18,"Metopolophium dirhodum",1,"Metopolophium",2015,9
"01318R",2015-09-18,"Pemphigus spp",1,"Pemphigus",2015,9
"01318R",2015-09-18,"Rhopalosiphum oxyacanthae",5,"Rhopalosiphum",2015,9
"01318R",2015-09-18,"Rhopalosiphum padi",28,"Rhopalosiphum",2015,9
"01318R",2015-09-18,"Rhopalosiphum spp",1,"Rhopalosiphum",2015,9
"01318R",2015-09-18,"Sitobion fragariae",1,"Sitobion",2015,9
"0131R",2015-05-22,"Drepanosiphum platanoidis",1,"Drepanosiphum",2015,5
"0131R",2015-05-22,"Elatobium abietinum",104,"Elatobium",2015,5
"0131R",2015-05-22,"Myzus ascalonicus",1,"Myzus",2015,5
"0131R",2015-05-22,"Rhopalosiphum oxyacanthae",2,"Rhopalosiphum",2015,5
"01322R",2015-10-26,"Pemphigus spp",1,"Pemphigus",2015,10
"01322R",2015-10-26,"Rhopalosiphum oxyacanthae",3,"Rhopalosiphum",2015,10
"01322R",2015-10-26,"Rhopalosiphum padi",8,"Rhopalosiphum",2015,10
"01322R",2015-10-26,"Sitobion fragariae",1,"Sitobion",2015,10
"01323R",2015-10-29,"Rhopalosiphum oxyacanthae",24,"Rhopalosiphum",2015,10
"01323R",2015-10-29,"Rhopalosiphum padi",17,"Rhopalosiphum",2015,10
"01323R",2015-10-29,"Sitobion fragariae",4,"Sitobion",2015,10
"0132R",2015-05-31,"Elatobium abietinum",38,"Elatobium",2015,5
"0135R",2015-06-24,"Aphis spp",2,"Aphis",2015,6
"0135R",2015-06-24,"Brachycaudus helichrysi",8,"Brachycaudus",2015,6
"0135R",2015-06-24,"Cavariella aegopodii",2,"Cavariella",2015,6
"0135R",2015-06-24,"Drepanosiphum platanoidis",4,"Drepanosiphum",2015,6
"0135R",2015-06-24,"Elatobium abietinum",12,"Elatobium",2015,6
"0135R",2015-06-24,"Eriosoma ulmi",4,"Eriosoma",2015,6
"0135R",2015-06-24,"Macrosiphum euphorbiae",2,"Macrosiphum",2015,6
"0135R",2015-06-24,"Myzus persicae",4,"Myzus",2015,6
"0135R",2015-06-24,"Myzus cerasi",2,"Myzus",2015,6
"0135R",2015-06-24,"Tuberculatus borealis",2,"Tuberculatus",2015,6
"0136R",2015-06-26,"Aulacorthum palustre",2,"Aulacorthum",2015,6
"0136R",2015-06-26,"Brachycaudus cardui",1,"Brachycaudus",2015,6
"0136R",2015-06-26,"Brachycaudus helichrysi",11,"Brachycaudus",2015,6
"0136R",2015-06-26,"Cavariella aegopodii",1,"Cavariella",2015,6
"0136R",2015-06-26,"Cavariella theobaldi",1,"Cavariella",2015,6
"0136R",2015-06-26,"Drepanosiphum platanoidis",2,"Drepanosiphum",2015,6
"0136R",2015-06-26,"Elatobium abietinum",3,"Elatobium",2015,6
"0136R",2015-06-26,"Eriosoma ulmi",2,"Eriosoma",2015,6
"0136R",2015-06-26,"Euceraphis punctipennis",2,"Euceraphis",2015,6
"0136R",2015-06-26,"Macrosiphum rosae",1,"Macrosiphum",2015,6
"0136R",2015-06-26,"Megoura viciae",1,"Megoura",2015,6
"0136R",2015-06-26,"Metopolophium dirhodum",2,"Metopolophium",2015,6
"0136R",2015-06-26,"Microlophium carnosum",1,"Microlophium",2015,6
"0136R",2015-06-26,"Mindarus abietinus",1,"Mindarus",2015,6
"0136R",2015-06-26,"Myzocallis castanicola",2,"Myzocallis",2015,6
"0136R",2015-06-26,"Myzocallis spp",1,"Myzocallis",2015,6
"0136R",2015-06-26,"Myzus persicae",1,"Myzus",2015,6
"0136R",2015-06-26,"Myzus cerasi",1,"Myzus",2015,6
"0136R",2015-06-26,"Sitobion fragariae",1,"Sitobion",2015,6
"0136R",2015-06-26,"Tuberculatus annulatus",2,"Tuberculatus",2015,6
"0136R",2015-06-26,"Uroleucon spp",1,"Uroleucon",2015,6
"0136R",2015-06-26,"Utamphorophora humboldti",7,"Utamphorophora",2015,6
"0138R",2015-07-11,"Acyrthosiphon pisum",1,"Acyrthosiphon",2015,7
"0138R",2015-07-11,"Aphis fabae gp.",19,"Aphis",2015,7
"0138R",2015-07-11,"Aphis spp",13,"Aphis",2015,7
"0138R",2015-07-11,"Brachycaudus spp",1,"Brachycaudus",2015,7
"0138R",2015-07-11,"Brachycaudus helichrysi",4,"Brachycaudus",2015,7
"0138R",2015-07-11,"Cavariella aegopodii",2,"Cavariella",2015,7
"0138R",2015-07-11,"Cavariella pastinacae",1,"Cavariella",2015,7
"0138R",2015-07-11,"Cavariella theobaldi",6,"Cavariella",2015,7
"0138R",2015-07-11,"Chaetosiphon fragaefolii",1,"Chaetosiphon",2015,7
"0138R",2015-07-11,"Cinara spp",1,"Cinara",2015,7
"0138R",2015-07-11,"Drepanosiphum platanoidis",3,"Drepanosiphum",2015,7
"0138R",2015-07-11,"Elatobium abietinum",1,"Elatobium",2015,7
"0138R",2015-07-11,"Euceraphis punctipennis",2,"Euceraphis",2015,7
"0138R",2015-07-11,"Hyalopterus pruni",1,"Hyalopterus",2015,7
"0138R",2015-07-11,"Linosiphon galiophagum",2,"Linosiphon",2015,7
"0138R",2015-07-11,"Megoura viciae",3,"Megoura",2015,7
"0138R",2015-07-11,"Myzus persicae",4,"Myzus",2015,7
"0138R",2015-07-11,"Myzus cerasi",3,"Myzus",2015,7
"0138R",2015-07-11,"Phyllaphis fagi",2,"Phyllaphis",2015,7
"0138R",2015-07-11,"Rhopalosiphum oxyacanthae",1,"Rhopalosiphum",2015,7
"0138R",2015-07-11,"Sitobion fragariae",4,"Sitobion",2015,7
"0138R",2015-07-11,"Tuberculatus annulatus",3,"Tuberculatus",2015,7
"0138R",2015-07-11,"Utamphorophora humboldti",2,"Utamphorophora",2015,7
"0139R",2015-07-18,"Aphis fabae gp.",1,"Aphis",2015,7
"0139R",2015-07-18,"Cinara spp",7,"Cinara",2015,7
"0139R",2015-07-18,"Drepanosiphum platanoidis",5,"Drepanosiphum",2015,7
"0139R",2015-07-18,"Euceraphis punctipennis",1,"Euceraphis",2015,7
"0139R",2015-07-18,"Myzus persicae",1,"Myzus",2015,7
"0139R",2015-07-18,"Sitobion avenae",1,"Sitobion",2015,7
"0139R",2015-07-18,"Sitobion fragariae",2,"Sitobion",2015,7
"0139R",2015-07-18,"Tuberculatus annulatus",1,"Tuberculatus",2015,7
"0139R",2015-07-18,"Utamphorophora humboldti",1,"Utamphorophora",2015,7
"01410R",2016-07-18,"Acyrthosiphon pisum",1,"Acyrthosiphon",2016,7
"01410R",2016-07-18,"Brachycaudus helichrysi",1,"Brachycaudus",2016,7
"01410R",2016-07-18,"Drepanosiphum platanoidis",2,"Drepanosiphum",2016,7
"01410R",2016-07-18,"Rhopalosiphum padi",16,"Rhopalosiphum",2016,7
"01410R",2016-07-18,"Sitobion avenae",1,"Sitobion",2016,7
"01410R",2016-07-18,"Tuberculatus annulatus",3,"Tuberculatus",2016,7
"01410R",2016-07-18,"Tuberculatus borealis",3,"Tuberculatus",2016,7
"01415R",2016-08-19,"Brachycaudus helichrysi",1,"Brachycaudus",2016,8
"01415R",2016-08-19,"Drepanosiphum platanoidis",8,"Drepanosiphum",2016,8
"01415R",2016-08-19,"Metopolophium dirhodum",1,"Metopolophium",2016,8
"01415R",2016-08-19,"Pemphigus spp",1,"Pemphigus",2016,8
"01415R",2016-08-19,"Rhopalosiphum oxyacanthae",2,"Rhopalosiphum",2016,8
"01415R",2016-08-19,"Rhopalosiphum padi",9,"Rhopalosiphum",2016,8
"01415R",2016-08-19,"Tuberculatus annulatus",1,"Tuberculatus",2016,8
"01415R",2016-08-19,"Utamphorophora humboldti",1,"Utamphorophora",2016,8
"01416R",2016-08-31,"Drepanosiphum platanoidis",1,"Drepanosiphum",2016,8
"01416R",2016-08-31,"Rhopalosiphum oxyacanthae",3,"Rhopalosiphum",2016,8
"01416R",2016-08-31,"Rhopalosiphum padi",4,"Rhopalosiphum",2016,8
"01416R",2016-08-31,"Sitobion avenae",1,"Sitobion",2016,8
"01418R",2016-09-12,"Anoecia corni",6,"Anoecia",2016,9
"01418R",2016-09-12,"Aphis salicariae",2,"Aphis",2016,9
"01418R",2016-09-12,"Brachycaudus helichrysi",2,"Brachycaudus",2016,9
"01418R",2016-09-12,"Capitophorus hippophaes",10,"Capitophorus",2016,9
"01418R",2016-09-12,"Drepanosiphum platanoidis",6,"Drepanosiphum",2016,9
"01418R",2016-09-12,"Metopolophium festucae",2,"Metopolophium",2016,9
"01418R",2016-09-12,"Muscaphis musci",2,"Muscaphis",2016,9
"01418R",2016-09-12,"Pemphigus spp",2,"Pemphigus",2016,9
"01418R",2016-09-12,"Rhopalosiphum oxyacanthae",20,"Rhopalosiphum",2016,9
"01418R",2016-09-12,"Rhopalosiphum spp",2,"Rhopalosiphum",2016,9
"01418R",2016-09-12,"Sitobion avenae",2,"Sitobion",2016,9
"01418R",2016-09-12,"Thecabius affinis",8,"Thecabius",2016,9
"01418R",2016-09-12,"Uroleucon spp",2,"Uroleucon",2016,9
"01419R",2016-09-20,"Acyrthosiphon pisum",1,"Acyrthosiphon",2016,9
"01419R",2016-09-20,"Anoecia corni",1,"Anoecia",2016,9
"01419R",2016-09-20,"Aphis fabae gp.",2,"Aphis",2016,9
"01419R",2016-09-20,"Brachycaudus helichrysi",2,"Brachycaudus",2016,9
"01419R",2016-09-20,"Capitophorus hippophaes",1,"Capitophorus",2016,9
"01419R",2016-09-20,"Drepanosiphum platanoidis",1,"Drepanosiphum",2016,9
"01419R",2016-09-20,"Eucallipterus tiliae",1,"Eucallipterus",2016,9
"01419R",2016-09-20,"Muscaphis musci",1,"Muscaphis",2016,9
"01419R",2016-09-20,"Rhopalosiphum oxyacanthae",30,"Rhopalosiphum",2016,9
"01419R",2016-09-20,"Rhopalosiphum padi",42,"Rhopalosiphum",2016,9
"01419R",2016-09-20,"Thecabius affinis",3,"Thecabius",2016,9
"01421R",2016-10-04,"Eriosoma patchiae",1,"Eriosoma",2016,10
"01421R",2016-10-04,"Rhopalosiphum oxyacanthae",35,"Rhopalosiphum",2016,10
"01421R",2016-10-04,"Rhopalosiphum padi",6,"Rhopalosiphum",2016,10
"01421R",2016-10-04,"Sitobion fragariae",2,"Sitobion",2016,10
"01423R",2016-10-14,"Anoecia corni",1,"Anoecia",2016,10
"01423R",2016-10-14,"Rhopalosiphum oxyacanthae",36,"Rhopalosiphum",2016,10
"01423R",2016-10-14,"Rhopalosiphum padi",5,"Rhopalosiphum",2016,10
"0142R",2016-05-23,"Drepanosiphum platanoidis",3,"Drepanosiphum",2016,5
"0142R",2016-05-23,"Elatobium abietinum",3,"Elatobium",2016,5
"0142R",2016-05-23,"Metopolophium festucae",1,"Metopolophium",2016,5
"0142R",2016-05-23,"Metopolophium frisicum",1,"Metopolophium",2016,5
"0142R",2016-05-23,"Periphyllus testudinaceus",1,"Periphyllus",2016,5
"0143R",2016-05-28,"Drepanosiphum platanoidis",3,"Drepanosiphum",2016,5
"0143R",2016-05-28,"Elatobium abietinum",1,"Elatobium",2016,5
"0143R",2016-05-28,"Macrosiphum gei",1,"Macrosiphum",2016,5
"0143R",2016-05-28,"Metopolophium festucae",3,"Metopolophium",2016,5
"0143R",2016-05-28,"Metopolophium frisicum",2,"Metopolophium",2016,5
"0143R",2016-05-28,"Microlophium carnosum",1,"Microlophium",2016,5
"0143R",2016-05-28,"Utamphorophora humboldti",2,"Utamphorophora",2016,5
"0145R",2016-06-15,"Brachycaudus helichrysi",10,"Brachycaudus",2016,6
"0145R",2016-06-15,"Drepanosiphum platanoidis",2,"Drepanosiphum",2016,6
"0145R",2016-06-15,"Elatobium abietinum",8,"Elatobium",2016,6
"0145R",2016-06-15,"Microlophium carnosum",6,"Microlophium",2016,6
"0145R",2016-06-15,"Rhopalosiphoninus staphyleae",2,"Rhopalosiphoninus",2016,6
"0145R",2016-06-15,"Sitobion fragariae",2,"Sitobion",2016,6
"0145R",2016-06-15,"Utamphorophora humboldti",8,"Utamphorophora",2016,6
"0146R",2016-06-17,"Aphis spp",3,"Aphis",2016,6
"0146R",2016-06-17,"Brachycaudus helichrysi",4,"Brachycaudus",2016,6
"0146R",2016-06-17,"Cavariella pastinacae",1,"Cavariella",2016,6
"0146R",2016-06-17,"Drepanosiphum platanoidis",2,"Drepanosiphum",2016,6
"0146R",2016-06-17,"Euceraphis punctipennis",1,"Euceraphis",2016,6
"0146R",2016-06-17,"Metopolophium fasciatum",1,"Metopolophium",2016,6
"0146R",2016-06-17,"Microlophium carnosum",2,"Microlophium",2016,6
"0146R",2016-06-17,"Myzus cerasi",1,"Myzus",2016,6
"0146R",2016-06-17,"Rhopalosiphum oxyacanthae",1,"Rhopalosiphum",2016,6
"0146R",2016-06-17,"Rhopalosiphum padi",1,"Rhopalosiphum",2016,6
"0146R",2016-06-17,"Utamphorophora humboldti",2,"Utamphorophora",2016,6
"0149R",2016-07-09,"Aulacorthum solani",1,"Aulacorthum",2016,7
"0149R",2016-07-09,"Cavariella aegopodii",1,"Cavariella",2016,7
"0149R",2016-07-09,"Cinara spp",2,"Cinara",2016,7
"0149R",2016-07-09,"Drepanosiphum platanoidis",1,"Drepanosiphum",2016,7
"0149R",2016-07-09,"Eriosoma ulmi",1,"Eriosoma",2016,7
"0149R",2016-07-09,"Euceraphis punctipennis",1,"Euceraphis",2016,7
"0149R",2016-07-09,"Hyalopterus pruni",2,"Hyalopterus",2016,7
"0149R",2016-07-09,"Macrosiphum euphorbiae",1,"Macrosiphum",2016,7
"0149R",2016-07-09,"Macrosiphum rosae",1,"Macrosiphum",2016,7
"0149R",2016-07-09,"Myzus cerasi",1,"Myzus",2016,7
"0149R",2016-07-09,"Rhopalosiphum padi",8,"Rhopalosiphum",2016,7
"0149R",2016-07-09,"Sitobion avenae",1,"Sitobion",2016,7
"0149R",2016-07-09,"Sitobion fragariae",2,"Sitobion",2016,7
"0149R",2016-07-09,"Tuberculatus annulatus",1,"Tuberculatus",2016,7
"0149R",2016-07-09,"Uroleucon spp",1,"Uroleucon",2016,7
"01511R",2017-07-21,"Aphis spp",4,"Aphis",2017,7
"01511R",2017-07-21,"Cavariella theobaldi",1,"Cavariella",2017,7
"01511R",2017-07-21,"Drepanosiphum platanoidis",1,"Drepanosiphum",2017,7
"01511R",2017-07-21,"Dysaphis spp",1,"Dysaphis",2017,7
"01511R",2017-07-21,"Euceraphis punctipennis",1,"Euceraphis",2017,7
"01511R",2017-07-21,"Hyalopterus pruni",2,"Hyalopterus",2017,7
"01511R",2017-07-21,"Myzus persicae",1,"Myzus",2017,7
"01511R",2017-07-21,"Phyllaphis fagi",1,"Phyllaphis",2017,7
"01511R",2017-07-21,"Rhopalosiphum oxyacanthae",7,"Rhopalosiphum",2017,7
"01511R",2017-07-21,"Rhopalosiphum padi",1,"Rhopalosiphum",2017,7
"01511R",2017-07-21,"Sitobion avenae",2,"Sitobion",2017,7
"01512R",2017-07-24,"Drepanosiphum platanoidis",4,"Drepanosiphum",2017,7
"01512R",2017-07-24,"Euceraphis punctipennis",1,"Euceraphis",2017,7
"01512R",2017-07-24,"Myzus ascalonicus",1,"Myzus",2017,7
"01512R",2017-07-24,"Rhopalosiphum oxyacanthae",3,"Rhopalosiphum",2017,7
"01512R",2017-07-24,"Sitobion avenae",2,"Sitobion",2017,7
"01514R",2017-08-09,"Aphis rumicis",1,"Aphis",2017,8
"01514R",2017-08-09,"Drepanosiphum platanoidis",3,"Drepanosiphum",2017,8
"01514R",2017-08-09,"Eucallipterus tiliae",1,"Eucallipterus",2017,8
"01514R",2017-08-09,"Rhopalosiphum oxyacanthae",1,"Rhopalosiphum",2017,8
"01514R",2017-08-09,"Rhopalosiphum padi",1,"Rhopalosiphum",2017,8
"01516R",2017-08-24,"Cavariella archangelicae",1,"Cavariella",2017,8
"01516R",2017-08-24,"Drepanosiphum platanoidis",3,"Drepanosiphum",2017,8
"01516R",2017-08-24,"Rhopalosiphum oxyacanthae",5,"Rhopalosiphum",2017,8
"01516R",2017-08-24,"Rhopalosiphum padi",4,"Rhopalosiphum",2017,8
"01518R",2017-09-09,"Anoecia corni",1,"Anoecia",2017,9
"01518R",2017-09-09,"Aphis fabae gp.",1,"Aphis",2017,9
"01518R",2017-09-09,"Drepanosiphum platanoidis",10,"Drepanosiphum",2017,9
"01518R",2017-09-09,"Eriosoma patchiae",1,"Eriosoma",2017,9
"01518R",2017-09-09,"Rhopalosiphum oxyacanthae",10,"Rhopalosiphum",2017,9
"01518R",2017-09-09,"Rhopalosiphum padi",31,"Rhopalosiphum",2017,9
"01518R",2017-09-09,"Sitobion avenae",1,"Sitobion",2017,9
"01518R",2017-09-09,"Thecabius affinis",1,"Thecabius",2017,9
"01518R",2017-09-09,"Tuberculatus annulatus",1,"Tuberculatus",2017,9
"01520R",2017-09-20,"Brachycaudus helichrysi",1,"Brachycaudus",2017,9
"01520R",2017-09-20,"Drepanosiphum platanoidis",8,"Drepanosiphum",2017,9
"01520R",2017-09-20,"Pemphigus spp",15,"Pemphigus",2017,9
"01520R",2017-09-20,"Rhopalosiphum oxyacanthae",27,"Rhopalosiphum",2017,9
"01520R",2017-09-20,"Rhopalosiphum padi",29,"Rhopalosiphum",2017,9
"01520R",2017-09-20,"Rhopalosiphum spp",2,"Rhopalosiphum",2017,9
"01520R",2017-09-20,"Thecabius affinis",1,"Thecabius",2017,9
"01522R",2017-10-12,"Capitophorus similis",1,"Capitophorus",2017,10
"01522R",2017-10-12,"Pemphigus spp",1,"Pemphigus",2017,10
"01522R",2017-10-12,"Rhopalosiphum oxyacanthae",40,"Rhopalosiphum",2017,10
"01522R",2017-10-12,"Rhopalosiphum padi",38,"Rhopalosiphum",2017,10
"01522R",2017-10-12,"Sitobion fragariae",2,"Sitobion",2017,10
"01522R",2017-10-12,"Tuberculatus annulatus",1,"Tuberculatus",2017,10
"01523R",2017-10-20,"Aphis salicariae",2,"Aphis",2017,10
"01523R",2017-10-20,"Brachycaudus helichrysi",2,"Brachycaudus",2017,10
"01523R",2017-10-20,"Ceruraphis eriophori",2,"Ceruraphis",2017,10
"01523R",2017-10-20,"Drepanosiphum platanoidis",4,"Drepanosiphum",2017,10
"01523R",2017-10-20,"Rhopalosiphum oxyacanthae",16,"Rhopalosiphum",2017,10
"01523R",2017-10-20,"Rhopalosiphum padi",38,"Rhopalosiphum",2017,10
"01523R",2017-10-20,"Rhopalosiphum spp",2,"Rhopalosiphum",2017,10
"01523R",2017-10-20,"Tuberculatus annulatus",2,"Tuberculatus",2017,10
"0152R",2017-05-15,"Elatobium abietinum",1,"Elatobium",2017,5
"0152R",2017-05-15,"Euceraphis punctipennis",4,"Euceraphis",2017,5
"0152R",2017-05-15,"Hyperomyzus lactucae",1,"Hyperomyzus",2017,5
"0152R",2017-05-15,"Macrosiphum euphorbiae",1,"Macrosiphum",2017,5
"0152R",2017-05-15,"Metopolophium festucae",1,"Metopolophium",2017,5
"0153R",2017-05-24,"Brachycaudus helichrysi",5,"Brachycaudus",2017,5
"0153R",2017-05-24,"Cavariella aegopodii",11,"Cavariella",2017,5
"0153R",2017-05-24,"Cavariella pastinacae",1,"Cavariella",2017,5
"0153R",2017-05-24,"Cavariella theobaldi",3,"Cavariella",2017,5
"0153R",2017-05-24,"Drepanosiphum platanoidis",1,"Drepanosiphum",2017,5
"0153R",2017-05-24,"Elatobium abietinum",23,"Elatobium",2017,5
"0153R",2017-05-24,"Euceraphis punctipennis",1,"Euceraphis",2017,5
"0153R",2017-05-24,"Macrosiphum euphorbiae",2,"Macrosiphum",2017,5
"0153R",2017-05-24,"Metopolophium festucae",2,"Metopolophium",2017,5
"0153R",2017-05-24,"Myzus cerasi",1,"Myzus",2017,5
"0153R",2017-05-24,"Periphyllus testudinaceus",1,"Periphyllus",2017,5
"0153R",2017-05-24,"Rhopalosiphum padi",3,"Rhopalosiphum",2017,5
"0153R",2017-05-24,"Rhopalosiphum spp",1,"Rhopalosiphum",2017,5
"0153R",2017-05-24,"Utamphorophora humboldti",2,"Utamphorophora",2017,5
"0155R",2017-06-04,"Brachycaudus helichrysi",1,"Brachycaudus",2017,6
"0155R",2017-06-04,"Cavariella aegopodii",2,"Cavariella",2017,6
"0155R",2017-06-04,"Drepanosiphum platanoidis",6,"Drepanosiphum",2017,6
"0155R",2017-06-04,"Elatobium abietinum",3,"Elatobium",2017,6
"0155R",2017-06-04,"Metopolophium albidum",1,"Metopolophium",2017,6
"0155R",2017-06-04,"Metopolophium dirhodum",1,"Metopolophium",2017,6
"0155R",2017-06-04,"Myzus persicae",1,"Myzus",2017,6
"0155R",2017-06-04,"Myzus cerasi",1,"Myzus",2017,6
"0155R",2017-06-04,"Rhopalosiphum padi",3,"Rhopalosiphum",2017,6
"0155R",2017-06-04,"Utamphorophora humboldti",7,"Utamphorophora",2017,6
"0158R",2017-06-25,"Myzus persicae",6,"Myzus",2017,6
"0158R",2017-06-25,"Rhopalosiphum maidis",1,"Rhopalosiphum",2017,6
"01610R",2018-07-30,"Acyrthosiphon pisum",2,"Acyrthosiphon",2018,7
"01610R",2018-07-30,"Acyrthosiphon pisum",2,"Acyrthosiphon",2018,7
"01610R",2018-07-30,"Anoecia corni",1,"Anoecia",2018,7
"01610R",2018-07-30,"Anoecia corni",1,"Anoecia",2018,7
"01610R",2018-07-30,"Aphis salicariae",2,"Aphis",2018,7
"01610R",2018-07-30,"Aphis salicariae",2,"Aphis",2018,7
"01610R",2018-07-30,"Aphis spp",10,"Aphis",2018,7
"01610R",2018-07-30,"Aphis spp",10,"Aphis",2018,7
"01610R",2018-07-30,"Brevicoryne brassicae",1,"Brevicoryne",2018,7
"01610R",2018-07-30,"Brevicoryne brassicae",1,"Brevicoryne",2018,7
"01610R",2018-07-30,"Capitophorus hippophaes",1,"Capitophorus",2018,7
"01610R",2018-07-30,"Capitophorus hippophaes",1,"Capitophorus",2018,7
"01610R",2018-07-30,"Cavariella pastinacae",5,"Cavariella",2018,7
"01610R",2018-07-30,"Cavariella pastinacae",5,"Cavariella",2018,7
"01610R",2018-07-30,"Drepanosiphum platanoidis",1,"Drepanosiphum",2018,7
"01610R",2018-07-30,"Drepanosiphum platanoidis",1,"Drepanosiphum",2018,7
"01610R",2018-07-30,"Euceraphis punctipennis",2,"Euceraphis",2018,7
"01610R",2018-07-30,"Euceraphis punctipennis",2,"Euceraphis",2018,7
"01610R",2018-07-30,"Hyadaphis foeniculi",1,"Hyadaphis",2018,7
"01610R",2018-07-30,"Hyadaphis foeniculi",1,"Hyadaphis",2018,7
"01610R",2018-07-30,"Metopolophium dirhodum",1,"Metopolophium",2018,7
"01610R",2018-07-30,"Metopolophium dirhodum",1,"Metopolophium",2018,7
"01610R",2018-07-30,"Myzus persicae",3,"Myzus",2018,7
"01610R",2018-07-30,"Myzus persicae",3,"Myzus",2018,7
"01610R",2018-07-30,"Phylloxera spp",1,"Phylloxera",2018,7
"01610R",2018-07-30,"Phylloxera spp",1,"Phylloxera",2018,7
"01610R",2018-07-30,"Pterocallis alni",1,"Pterocallis",2018,7
"01610R",2018-07-30,"Pterocallis alni",1,"Pterocallis",2018,7
"01610R",2018-07-30,"Rhopalosiphum oxyacanthae",9,"Rhopalosiphum",2018,7
"01610R",2018-07-30,"Rhopalosiphum oxyacanthae",9,"Rhopalosiphum",2018,7
"01610R",2018-07-30,"Rhopalosiphum padi",3,"Rhopalosiphum",2018,7
"01610R",2018-07-30,"Rhopalosiphum padi",3,"Rhopalosiphum",2018,7
"01610R",2018-07-30,"Sitobion avenae",6,"Sitobion",2018,7
"01610R",2018-07-30,"Sitobion avenae",6,"Sitobion",2018,7
"01610R",2018-07-30,"Sitobion fragariae",1,"Sitobion",2018,7
"01610R",2018-07-30,"Sitobion fragariae",1,"Sitobion",2018,7
"01610R",2018-07-30,"Thecabius affinis",1,"Thecabius",2018,7
"01610R",2018-07-30,"Thecabius affinis",1,"Thecabius",2018,7
"01611R",2018-08-13,"Aphis rumicis",1,"Aphis",2018,8
"01611R",2018-08-13,"Capitophorus hippophaes",1,"Capitophorus",2018,8
"01611R",2018-08-13,"Cavariella pastinacae",1,"Cavariella",2018,8
"01611R",2018-08-13,"Drepanosiphum platanoidis",6,"Drepanosiphum",2018,8
"01611R",2018-08-13,"Euceraphis punctipennis",1,"Euceraphis",2018,8
"01611R",2018-08-13,"Rhopalosiphum oxyacanthae",4,"Rhopalosiphum",2018,8
"01611R",2018-08-13,"Rhopalosiphum padi",2,"Rhopalosiphum",2018,8
"01611R",2018-08-13,"Sitobion avenae",2,"Sitobion",2018,8
"01611R",2018-08-13,"Thecabius affinis",5,"Thecabius",2018,8
"01612R",2018-08-26,"Anoecia corni",1,"Anoecia",2018,8
"01612R",2018-08-26,"Aphis spp",1,"Aphis",2018,8
"01612R",2018-08-26,"Capitophorus hippophaes",1,"Capitophorus",2018,8
"01612R",2018-08-26,"Pemphigus spp",1,"Pemphigus",2018,8
"01612R",2018-08-26,"Rhopalosiphum padi",2,"Rhopalosiphum",2018,8
"01614R",2018-09-08,"Anoecia corni",4,"Anoecia",2018,9
"01614R",2018-09-08,"Aphis spp",2,"Aphis",2018,9
"01614R",2018-09-08,"Brachycaudus helichrysi",1,"Brachycaudus",2018,9
"01614R",2018-09-08,"Capitophorus elaeagni",1,"Capitophorus",2018,9
"01614R",2018-09-08,"Capitophorus hippophaes",1,"Capitophorus",2018,9
"01614R",2018-09-08,"Cavariella spp",1,"Cavariella",2018,9
"01614R",2018-09-08,"Eriosoma patchiae",1,"Eriosoma",2018,9
"01614R",2018-09-08,"Myzus persicae",1,"Myzus",2018,9
"01614R",2018-09-08,"Pemphigus spp",1,"Pemphigus",2018,9
"01614R",2018-09-08,"Rhopalosiphum oxyacanthae",17,"Rhopalosiphum",2018,9
"01614R",2018-09-08,"Rhopalosiphum padi",12,"Rhopalosiphum",2018,9
"01614R",2018-09-08,"Thecabius affinis",3,"Thecabius",2018,9
"01615R",2018-09-15,"Anoecia corni",5,"Anoecia",2018,9
"01615R",2018-09-15,"Brachycaudus helichrysi",1,"Brachycaudus",2018,9
"01615R",2018-09-15,"Drepanosiphum platanoidis",1,"Drepanosiphum",2018,9
"01615R",2018-09-15,"Dysaphis spp",1,"Dysaphis",2018,9
"01615R",2018-09-15,"Eriosoma spp",2,"Eriosoma",2018,9
"01615R",2018-09-15,"Pemphigus spp",4,"Pemphigus",2018,9
"01615R",2018-09-15,"Prociphilus fraxini",1,"Prociphilus",2018,9
"01615R",2018-09-15,"Rhopalosiphum oxyacanthae",15,"Rhopalosiphum",2018,9
"01615R",2018-09-15,"Rhopalosiphum padi",17,"Rhopalosiphum",2018,9
"01615R",2018-09-15,"Thecabius affinis",8,"Thecabius",2018,9
"01615R",2018-09-15,"Uroleucon spp",1,"Uroleucon",2018,9
"0161R",2018-05-16,"Drepanosiphum platanoidis",12,"Drepanosiphum",2018,5
"0162R",2018-05-30,"Brachycaudus helichrysi",2,"Brachycaudus",2018,5
"0162R",2018-05-30,"Brachycaudus spp",1,"Brachycaudus",2018,5
"0162R",2018-05-30,"Cavariella pastinacae",1,"Cavariella",2018,5
"0162R",2018-05-30,"Cavariella theobaldi",3,"Cavariella",2018,5
"0162R",2018-05-30,"Drepanosiphum platanoidis",13,"Drepanosiphum",2018,5
"0162R",2018-05-30,"Elatobium abietinum",7,"Elatobium",2018,5
"0162R",2018-05-30,"Euceraphis punctipennis",2,"Euceraphis",2018,5
"0162R",2018-05-30,"Metopolophium festucae",1,"Metopolophium",2018,5
"0162R",2018-05-30,"Myzocallis castanicola",7,"Myzocallis",2018,5
"0162R",2018-05-30,"Myzocallis spp",2,"Myzocallis",2018,5
"0162R",2018-05-30,"Periphyllus testudinaceus",2,"Periphyllus",2018,5
"0162R",2018-05-30,"Phyllaphis fagi",1,"Phyllaphis",2018,5
"0162R",2018-05-30,"Pterocomma rufipes",1,"Pterocomma",2018,5
"0162R",2018-05-30,"Rhopalosiphum oxyacanthae",6,"Rhopalosiphum",2018,5
"0162R",2018-05-30,"Sitobion avenae",1,"Sitobion",2018,5
"0162R",2018-05-30,"Sitobion fragariae",1,"Sitobion",2018,5
"0162R",2018-05-30,"Tuberculatus annulatus",18,"Tuberculatus",2018,5
"0162R",2018-05-30,"Tuberculatus borealis",10,"Tuberculatus",2018,5
"0164R",2018-06-13,"Drepanosiphum platanoidis",4,"Drepanosiphum",2018,6
"0164R",2018-06-13,"Phyllaphis fagi",3,"Phyllaphis",2018,6
"0165R",2018-06-22,"Acyrthosiphon malvae",2,"Acyrthosiphon",2018,6
"0165R",2018-06-22,"Brachycaudus helichrysi",2,"Brachycaudus",2018,6
"0165R",2018-06-22,"Cavariella aegopodii",2,"Cavariella",2018,6
"0165R",2018-06-22,"Cinara spp",1,"Cinara",2018,6
"0165R",2018-06-22,"Drepanosiphum platanoidis",13,"Drepanosiphum",2018,6
"0165R",2018-06-22,"Euceraphis punctipennis",11,"Euceraphis",2018,6
"0165R",2018-06-22,"Myzocallis castanicola",1,"Myzocallis",2018,6
"0165R",2018-06-22,"Phyllaphis fagi",2,"Phyllaphis",2018,6
"0165R",2018-06-22,"Rhopalosiphum oxyacanthae",1,"Rhopalosiphum",2018,6
"0165R",2018-06-22,"Rhopalosiphum padi",1,"Rhopalosiphum",2018,6
"0165R",2018-06-22,"Uroleucon spp",1,"Uroleucon",2018,6
"0169R",2018-07-28,"Cavariella pastinacae",2,"Cavariella",2018,7
"0169R",2018-07-28,"Cavariella theobaldi",1,"Cavariella",2018,7
"0169R",2018-07-28,"Macrosiphum euphorbiae",1,"Macrosiphum",2018,7
"0169R",2018-07-28,"Pterocallis alni",6,"Pterocallis",2018,7
"0169R",2018-07-28,"Rhopalosiphum oxyacanthae",3,"Rhopalosiphum",2018,7
"0EE127R",2003-05-22,"Brachycaudus helichrysi",2,"Brachycaudus",2003,5
"0EE127R",2003-05-22,"Cavariella aegopodii",1,"Cavariella",2003,5
"0EE127R",2003-05-22,"Drepanosiphum platanoidis",29,"Drepanosiphum",2003,5
"0EE127R",2003-05-22,"Elatobium abietinum",106,"Elatobium",2003,5
"0EE127R",2003-05-22,"Euceraphis punctipennis",1,"Euceraphis",2003,5
"0EE127R",2003-05-22,"Periphyllus testudinaceus",1,"Periphyllus",2003,5
"0EE127R",2003-05-22,"Rhopalosiphum oxyacanthae",2,"Rhopalosiphum",2003,5
